"seller_key","seller_id","seller_city","seller_state","seller_region","seller_lng","seller_lat"
1,"0015a82c2db000af6aaaf3ae2ecb0532","santo andre","SP","Southeast",-46.541742273007685,-23.640443596560726
2,"001cca7ae9ae17fb1caed9dfb1094831","cariacica","ES","Southeast",-40.411675223412075,-20.27851289140612
3,"001e6ad469a905060d959994f1b41e4f","sao goncalo","RJ","Southeast",-43.027432812835386,-22.872354587681087
4,"002100f778ceb8431b7a1020ff7ab48f","franca","SP","Southeast",-47.411109783856105,-20.52875913617737
5,"003554e2dce176b5555353e4f3555ac8","goiania","GO","Central-West",-49.27648326906269,-16.64057412255124
6,"004c9cd9d87a3c30c522c48c4fc07416","ibitinga","SP","Southeast",-48.82974353343713,-21.757320637712766
7,"00720abe85ba0859807595bbf045a33b","guarulhos","SP","Southeast",-46.557171675871174,-23.45197323675553
8,"00ab3eff1b5192e5f1a63bcecfee11c8","sao paulo","SP","Southeast",-46.60829070808081,-23.62753429519753
9,"00d8b143d12632bad99c0ad66ad52825","belo horizonte","MG","Southeast",-43.94496355953477,-19.92710413330578
10,"00ee68308b45bc5e2660cd833c3f81cc","sao paulo","SP","Southeast",-46.569128350390784,-23.55619057504086
11,"00fc707aaaad2d31347cf883cd2dfe10","maringa","PR","South",-51.927966489669856,-23.382472093966726
12,"010543a62bd80aa422851e79a3bc7540","sao paulo","SP","Southeast",-46.63942263256764,-23.538268511790662
13,"010da0602d7774602cd1b3f5fb7b709e","sao bernardo do campo","SP","Southeast",-46.54893965048129,-23.710466484131683
14,"011b0eaba87386a2ae96a7d32bb531d1","pompeia","SP","Southeast",-50.17893613850752,-22.10367343012363
15,"01266d4c46afa519678d16a8b683d325","curitiba","PR","South",-49.276854859939675,-25.44361910981019
16,"013900e863eace745d3ec7614cab5b1a","curitiba","PR","South",-49.311076015365074,-25.441786531480883
17,"014c0679dd340a0e338872e7ec85666a","timoteo","MG","Southeast",-42.643848513674996,-19.545340606723503
18,"014d9a685fd57276679edd00e07089e5","maringa","PR","South",-51.95833421266875,-23.428319760676164
19,"0176f73cc1195f367f7b32db1e5b3aa8","ibitinga","SP","Southeast",-48.82974353343713,-21.757320637712766
20,"01bcc9d254a0143f0ce9791b960b2a47","uruacu","GO","Central-West",-49.14209708875239,-14.51847480665127
21,"01c97ebb5cdac52891c0ed1c37ba0012","catanduva","SP","Southeast",-48.97081828471117,-21.121028432249712
22,"01cf7e3d21494c41fb86034f2e714fa1","francisco beltrao","PR","South",-53.0637135521321,-26.044305666376317
23,"01ed254b9ff8407dfb9d99ba1e17d923","mogi das cruzes","SP","Southeast",-46.1955458411618,-23.522840094345344
24,"01fd077212124329bac32490e8ef80d9","ribeirao preto / sao paulo","SP","Southeast",-47.74577904228066,-21.134122864665894
25,"01fdefa7697d26ad920e9e0346d4bd1b","londrina","PR","South",-51.1772454543046,-23.33133681639532
26,"0241d4d5d36f10f80c644447315af0bd","curitiba","PR","South",-49.30737230197128,-25.4699735553138
27,"0249d282d911d23cb8b869ab49c99f53","sao paulo","SP","Southeast",-46.69861843897608,-23.596964866261928
28,"024b564ae893ce8e9bfa02c10a401ece","sao paulo","SP","Southeast",-46.537383667805834,-23.583551201893485
29,"028872bfa080090a9d0abd4f1af168f8","ribeirao das neves","MG","Southeast",-44.026272586341875,-19.814426532426847
30,"02a2272692e13558373c66db98f05e2e","rio de janeiro","RJ","Southeast",-43.17715630706045,-22.905686000249105
31,"02b72cdeb9cfcc429f1af6f4e3f3b737","ibitinga","SP","Southeast",-48.82974353343713,-21.757320637712766
32,"02c988090b766852e088c69d7fb3b551","americana","SP","Southeast",-47.30723687984722,-22.72062533010144
33,"02d35243ea2e497335cd0f076b45675d","natal","RN","Northeast",-35.20793075034625,-5.8402480652230375
34,"02dcd3e8e25bee036e32512bcf175493","contagem","MG","Southeast",-44.038341698250974,-19.9387689332349
35,"02ecc2a19303f05e59ce133fd923fff7","santo andre","SP","Southeast",-46.50092180775808,-23.681514252303955
36,"02f5837340d7eb4f653d676c7256523a","curitiba","PR","South",-49.284894008186754,-25.458880971712073
37,"02f623a8eb246f3c5f7c2f96462654e6","botucatu","SP","Southeast",-48.4357533856323,-22.874881658404487
38,"0307f7565ff85b299b6e5ef162b1b1a9","sao jose do rio preto","SP","Southeast",-49.38807095699605,-20.83620882180298
39,"0336182e1b3e92f029d5354832045fdf","ibitinga","SP","Southeast",-48.82974353343713,-21.757320637712766
40,"034b9387752bfa309f350a70cd45ffa3","blumenau","SC","South",-49.09395375152906,-26.918216834656107
41,"038b75b729c8a9a04b0d07cba7eabe86","sao jose dos campos","SP","Southeast",-45.882059803885305,-23.224372002311355
42,"039b29ff3b3473435d0cd59040575de9","ribeirao pires","SP","Southeast",-46.34951520939183,-23.68064494696187
43,"039e6ad9dae79614493083e241147386","sao paulo","SP","Southeast",-46.49977649619726,-23.547610027193883
44,"03a2a6dcbe45d639c4dc2a0d24769c40","maua","SP","Southeast",-46.430267450470716,-23.671406718740258
45,"03bd479e1d9484cdb14104d3023f7321","uberlandia","MG","Southeast",-48.28981551637616,-18.89161596272861
46,"0417b067eeab773d2f7061a726dc477f","sao bento do sul","SC","South",-49.411882265954304,-26.232193978218582
47,"042573af89b6d931f672efaf789d8358","sorocaba","SP","Southeast",-47.430450592561066,-23.502754626563185
48,"04308b1ee57b6625f47df1d56f00eedf","bombinhas","SC","South",-48.50320378589788,-27.156572530334884
49,"0432ead42b6c8a0bdf68154add917fdf","maua","SP","Southeast",-46.44151148849928,-23.660030872728164
50,"044668ccd5316b12a7cf0d54a156e3e9","osasco","SP","Southeast",-46.7795430751613,-23.532463426093493
51,"04843805947f0fc584fc1969b6e50fe7","ivoti","RS","South",-51.164277892118754,-29.60528689356289
52,"048c2757535328e0d7dac690ad3c0aae","franca","SP","Southeast",-47.433583875541835,-20.536613759556865
53,"04aa0a1c5ce6b222003403a3e11c3cc0","cosmopolis","SP","Southeast",-47.189385100712364,-22.641854186411024
54,"04aba03279157f6d4e0fe8ccaf21963c","santo antonio de padua","RJ","Southeast",-42.19618878044137,-21.552859881634557
55,"04e38a233f726ef161074ab1c9b0399a","sao paulo","SP","Southeast",-46.63105919621764,-23.54309527008478
56,"04ee0ec01589969663ba5967c0e0bdc0","lajeado","RS","South",-51.99377718667392,-29.430823732155336
57,"04fdea0c111866e6cf812f1570d6b5bd","sao paulo","SP","Southeast",-46.412308355751016,-23.55384247002896
58,"0509040ea3fe50071181bbc359eb7738","belo horizonte","MG","Southeast",-43.95933923847523,-19.84004168068012
59,"052577151711aec5c744fe12e66db3e1","rodeio","SC","South",-49.350562973333936,-26.889322403539182
60,"054694fa03fe82cec4b7551487331d74","itajobi","SP","Southeast",-49.05541730507598,-21.314997747152887
61,"056b4ada5bbc2c50cc7842547dda6b51","queimados","RJ","Southeast",-43.56361873677635,-22.73701486100054
62,"0570350b23eda5444f8d1d9544932058","sao paulo","SP","Southeast",-46.75621774505108,-23.51387705958752
63,"05730013efda596306417c3b09302475","criciuma","SC","South",-49.33883528084043,-28.678033689593565
64,"058cb5aeb36d7c0fcae20fc85d5e0a59","rio de janeiro","RJ","Southeast",-43.41230278119794,-22.832902971525176
65,"058fd0aa2bfdb2274e05e1ae971dabb6","santo andre","SP","Southeast",-46.526935182825184,-23.661829862870693
66,"05a48cc8859962767935ab9087417fbb","sao paulo","SP","Southeast",-46.75751352696018,-23.57983030302489
67,"05a940b4ecae36cadfd8e93bd9c43257","goiania","GO","Central-West",-49.2969943378018,-16.69394476413473
68,"05aebce0b5c8f0d41b29b686f2d05fd3","sao paulo","SP","Southeast",-46.481512620852826,-23.60567392342068
69,"05ca864204d09595ae591b93ea9cf93d","barueri","SP","Southeast",-46.85053707630061,-23.498520694082103
70,"05d2173d43ea568aa0540eba70d2ca76","alfenas","MG","Southeast",-45.964344365355856,-21.422172782486314
71,"05e107217c7266362fd44b75b2cd4cc4","sao paulo - sp","SP","Southeast",-46.75091587091028,-23.56033909413364
72,"05f51e13da97139648b8125c31e5f51b","belo horizonte","MG","Southeast",-43.919706450313775,-19.869927909222362
73,"05feb94f19d094d4b0f9281f0b1d4c99","mogi das cruzes","SP","Southeast",-46.262085681846166,-23.543394600163566
74,"05ff92fedb5be47920fea08e501238b9","santo angelo","RS","South",-54.26251143307887,-28.29055251979835
75,"062c325cd6a2b87845fab56b4ec2eeae","sao paulo","SP","Southeast",-46.413806647070324,-23.518635254069064
76,"062ce95fa2ad4dfaedfc79260130565f","lajeado","RS","South",-51.96120191364099,-29.44657988996661
77,"06532f10282704ef4c69168b914b77be","paincandu","PR","South",-52.03990549710545,-23.45682094005968
78,"06579cb253ecd5a3a12a9e6eb6bf8f47","sao paulo - sp","SP","Southeast",-46.653829772757454,-23.57923601959563
79,"066a6914e1ebf3ea95a216c73a986b91","foz do iguacu","PR","South",-54.56954811777932,-25.52417941764146
80,"0691148aee60ca47977c187804f935ae","londrina","PR","South",-51.157136422828174,-23.31812709264707
81,"0692610d8abe24f287e9fae90ea0bbee","sao paulo","SP","Southeast",-46.600729145013894,-23.472814658449078
82,"06a2c3af7b3aee5d69171b0e14f0ee87","sao luis","MA","Northeast",-44.248163365967585,-2.5012422006260033
83,"06bb3a2fe5e7b7a845b13e8fb91bd944","belo horizonte","MG","Southeast",-43.91567119293644,-19.83841420727106
84,"06df0c10d34e459d9672bc77388742eb","maringa","PR","South",-51.89568585707491,-23.42413885933309
85,"06e5eefc71ec47ae763c5c6f8db7064f","porto alegre","RS","South",-51.16270825237459,-30.01552834486622
86,"07017df32dc5f2f1d2801e579548d620","joao pessoa","PB","Northeast",-34.855616162565795,-7.114710808753133
87,"070d165398b553f3b4b851c216b8a358","sao paulo","SP","Southeast",-46.51144073547189,-23.588437863894512
88,"0725b8c0f3f906e58f70cbe76b7c748c","guarulhos","SP","Southeast",-46.54104308769279,-23.47757819572215
89,"0743a0239d764b9a0f959a57d07e36ab","sao paulo","SP","Southeast",-46.581435332792125,-23.58741915450063
90,"0747d5bb69f0586cc869d8af4c50f93e","saquarema","RJ","Southeast",-42.50447966854643,-22.92375654835557
91,"0761743cbffb25d7148189e9f1a5f03a","ribeirao preto","SP","Southeast",-47.7779524735565,-21.20131082333705
92,"077c5fae4bea9500e3737b16f71b9d3a","sorocaba","SP","Southeast",-47.49980351058786,-23.531731945338546
93,"0791d9fc1e30678ecf03d3e55fa108d3","belo horizonte","MG","Southeast",-43.968757304671726,-19.896490671704086
94,"079d295dcbf06ee8bb1b65ba964eb2b6","sao paulo","SP","Southeast",-46.57712086357542,-23.506976913025856
95,"07a9bc7f61396b658ddf3ac534efe44c","sao paulo","SP","Southeast",-46.698500163243956,-23.50194675411805
96,"07bf9669d84d1f11be443a9dd938f698","sao paulo","SP","Southeast",-46.71802738661014,-23.662843397851404
97,"07d75e33f2750d97d467fb57e4dfdd8a","sao paulo","SP","Southeast",-46.59365984819464,-23.51865496410496
98,"07de60b03d150fb3ea09eab5da5e4c8b","ibitinga","SP","Southeast",-48.82974353343713,-21.757320637712766
99,"07e8e8fc5222bb358e6f259da3197074","sao paulo","SP","Southeast",-46.600517415347056,-23.5966919223351
100,"080102cd0a76b09e0dcf55fcacc60e05","belo horizonte","MG","Southeast",-43.931234581848464,-19.894574207526322
101,"080199a181c46c657dc5aa235411be3b","osasco","SP","Southeast",-46.779788326644095,-23.528549092116894
102,"08061dc0fc165ed41288cc7acde738ee","osasco","SP","Southeast",-46.776020963910824,-23.55807593943668
103,"08084d990eb3f53af056ccbc1730c8a7","sao paulo","SP","Southeast",-46.53574289589707,-23.517499589303572
104,"081acf3de680d554796c9cf041be7bc2","vespasiano","MG","Southeast",-43.941465688797514,-19.73109725363684
105,"082e0bf4cb865a6533b1e8e498cc0255","botucatu","SP","Southeast",-48.46069203327624,-22.86605277327738
106,"085f6f7e049c996695fb2074fe38d45e","taubate","SP","Southeast",-45.55908211584209,-23.02428090518156
107,"08633c14ef2db992c11f840f04fad4cd","ribeirao pires","SP","Southeast",-46.447140971353605,-23.738855470323358
108,"0873d9f8f36123f8d910f4760e788cfb","barueri","SP","Southeast",-46.85053707630061,-23.498520694082103
109,"0885aaf116795758dfeb5f1032487bcd","ferraz de vasconcelos","SP","Southeast",-46.374050869239724,-23.52039186756291
110,"0887a9f087bcd5d9f6642b52f897fc6c","cananeia","SP","Southeast",-47.931957103614316,-25.009292746688914
111,"08ad4ac1388e4420ca531c3edfc46198","itapevi","SP","Southeast",-46.939782586668564,-23.557647455396495
112,"08cdbae123ff67ca4e36d9d641ce0119","uba","MG","Southeast",-42.937331269957205,-21.113687113557148
113,"08d0949a9a17c027262db1f3c450c26c","cascavel","PR","South",-53.49319710647038,-24.986482985801867
114,"08d1c9478fb0d7d7fcac9c0da4e82fc7","belo horizonte","MG","Southeast",-43.936891702496084,-19.904918272682526
115,"08d2d642cf72b622b14dde1d2f5eb2f5","marilia","SP","Southeast",-49.96150594898238,-22.15880124499384
116,"08f5819815f3d06545011850bd70f0a8","santos","SP","Southeast",-46.3377311534732,-23.95460047631286
117,"091065b789659bc3cd9af9cb3a6253ff","canoas","RS","South",-51.16849385835351,-29.949839227216522
118,"0936e1837d0c79253456bbb2ffaaef10","sao paulo","SP","Southeast",-46.612135226939586,-23.51734415478189
119,"093805f8f2aeb63881444571e1f48f30","osasco","SP","Southeast",-46.787354816664426,-23.51010786952278
120,"094ced053e257ae8cae57205592d6712","ribeirao preto","SP","Southeast",-47.76791416876067,-21.19102299555017
121,"0951a6e282947e09cd47969f4ed0b47f","taboao da serra","SP","Southeast",-46.760748712481636,-23.611337140429235
122,"09883d9ab71c8fe8a9bfc7fc3075b07e","sao paulo","SP","Southeast",-46.42102612749887,-23.49269969912071
123,"099095b050cfe8eb1ddff5317587e96e","sao paulo","SP","Southeast",-46.5655381380219,-23.54868915651899
124,"09bad886111255c5b5030314fc7f1a4a","sao paulo","SP","Southeast",-46.631931335611945,-23.544921826153427
125,"09f952a5f58d2285b0372551ae8f9b01","sao bernardo do campo","SP","Southeast",-46.55695623040588,-23.706316018037764
126,"0a198e95d32b1be2da9424c962a6ebfa","contagem","MG","Southeast",-44.0389637446662,-19.954716106653937
127,"0a82f5fb06a4fe4ac2cf7cb412ec71b8","sao paulo","SP","Southeast",-46.742765414697416,-23.597017937639016
128,"0a85ebe4e328db81ac9109781205e2f7","jundiai","SP","Southeast",-46.85464065410206,-23.247403321743978
129,"0aa124728afc1131dff5655f4c6f487b","alfenas","MG","Southeast",-45.964344365355856,-21.422172782486314
130,"0aa2205ca24f113f4658a5c536667426","sao paulo","SP","Southeast",-46.60917170458758,-23.606213117621067
131,"0ac4201fda2c68ebc0e47cb9423cf3c9","sao paulo","SP","Southeast",-46.56366058582028,-23.57157695736587
132,"0ad80de75c811326389cfb1daba7d45e","rio de janeiro","RJ","Southeast",-43.213547671608936,-22.924015428292364
133,"0adac9fbd9a2b63cccaac4f8756c1ca8","louveira","SP","Southeast",-46.95954096067056,-23.08550507419915
134,"0ade5cc4a305ed7093a23f68ca47519c","curitiba","PR","South",-49.272408707514224,-25.483878697680172
135,"0aea4c6ae1505b3228ddf3dd7822ee5b","sorocaba","SP","Southeast",-47.45986989975183,-23.485222804706993
136,"0af2ab31141893d26aca5a404a537dab","sao paulo","SP","Southeast",-46.53884595688124,-23.550472430843705
137,"0af977692321d895349eded183341d28","santos","SP","Southeast",-46.34527196911743,-23.956747673686184
138,"0afccdb8a34ee5c79f7c06faf2b4d56e","uberlandia","MG","Southeast",-48.27821224449982,-18.913247873843893
139,"0b09101900100c0e9d312861fad5a1b9","sao paulo","SP","Southeast",-46.595689634405446,-23.554397891852155
140,"0b0ddbc7b9d9584f442c7ac92b0ff6c9","guarulhos","SP","Southeast",-46.55405162314024,-23.47264130837401
141,"0b18d63d0cd1d723567903fd34a07df2","sp","SP","Southeast",-46.72898406045395,-23.492024033813998
142,"0b1ca3ef18a63d7eb0c8897fa0849c08","sao roque","SP","Southeast",-47.148670759327565,-23.53171637882901
143,"0b35c634521043bf4b47e21547b99ab5","teixeira soares","PR","South",-50.462083835822334,-25.371975656252413
144,"0b36063d5818f81ccb94b54adfaebbf5","jaragua do sul","SC","South",-49.093061835412655,-26.467360494541282
145,"0b3f27369a4d8df98f7eb91077e438ac","aruja","SP","Southeast",,
146,"0b46f784306be7200ca1700aa55d819f","belo horizonte","MG","Southeast",-43.94889650258166,-19.906712194756448
147,"0b64bcdb0784abc139af04077d49a20e","canoas","RS","South",-51.17823714857107,-29.88532995305923
148,"0b90b6df587eb83608a64ea8b390cf07","maringa","PR","South",-51.927966489669856,-23.382472093966726
149,"0bae85eb84b9fb3bd773911e89288d54","itajai","SP","Southeast",-48.65639411001171,-26.911876880258855
150,"0bb27263628258b8111a0262769fa9db","sao paulo","SP","Southeast",-46.580702146286306,-23.531680926472017
151,"0bb738e4d789e63e2267697c42d35a2d","sao roque","SP","Southeast",-47.134427650462705,-23.531424390734568
152,"0be8ff43f22e456b4e0371b2245e4d01","sao paulo","SP","Southeast",-46.679584294640954,-23.691183009689922
153,"0bebbb2cea103a4a020c95d43fd7d754","sao paulo","SP","Southeast",-46.65788988269822,-23.510207653445487
154,"0bf0150d5b9d60d9cd2906003332f085","sao paulo","SP","Southeast",-46.62112676164033,-23.582993961723396
155,"0bfd0b434243adc5c2e1aa6baf19c6aa","rio de janeiro","RJ","Southeast",-43.33359407042852,-22.935058480174064
156,"0c7533c71df861ec58ad7ff999ed0e8d","valinhos","SP","Southeast",-47.00268239234955,-22.97545814072231
157,"0c7f30ae9b147eca07affbef92832a6a","ponta grossa","PR","South",-50.13255780440033,-25.07996038746568
158,"0c8380b62e38e8a1e6adbeba7eb9688c","tres coracoes","MG","Southeast",-45.25976867138688,-21.693370826873448
159,"0cab2da43793a6f3c5ed8514c5f54627","curitiba","PR","South",-49.26131687338104,-25.42963241666681
160,"0cbcee27c791afa0cdcb08587a2013a8","tres coracoes","MG","Southeast",-45.25976867138688,-21.693370826873448
161,"0d33a55da925bbf1ff02af5f6059fc7f","sao paulo","SP","Southeast",-46.735436371547834,-23.599535586507255
162,"0d4c8269e7f0401201794deef160edd6","ribeirao preto","SP","Southeast",-47.78619523041459,-21.156700327270215
163,"0d83f8e03188682112cc0d93523705cc","porto alegre","RS","South",-51.11873514426362,-30.00326017740812
164,"0d85bbda9889ce1f7e63778d24f346eb","uberlandia","MG","Southeast",-48.32946334496326,-18.921397435860243
165,"0daf5180aa44356f60f8effa533b55a2","goiania","GO","Central-West",-49.259844229933485,-16.675216754850805
166,"0db783cfcd3b73998abc6e10e59a102f","santos","SP","Southeast",-46.32962527759821,-23.93357260989164
167,"0dd184061fb0eaa7ca37932c68ab91c5","guarulhos","SP","Southeast",-46.54618856351207,-23.493718851420663
168,"0ddefe3c7a032b91f4e25b9c3a08fca1","sao bernardo do campo","SP","Southeast",-46.5475254638554,-23.71964586603909
169,"0df3984f9dfb3d49ac6366acbd3bbb85","betim","MG","Southeast",-44.196037480396015,-19.951799038267147
170,"0dfbed20065e425d2eaefb101f9816c0","porto ferreira","SP","Southeast",-47.47810175812134,-21.866032425983537
171,"0e44d110fa6a54e121cb2c095a77762f","francisco morato","SP","Southeast",-46.74615014505265,-23.282843367454188
172,"0e72c1a751b496722a6cb1f10653b62a","sao paulo","SP","Southeast",-46.76684853672089,-23.509788585391938
173,"0e982cff76cc0579f632cea8a0e38c9d","itajai","SC","South",-48.72163589675503,-26.943749340786518
174,"0ea22c1cfbdc755f86b9b54b39c16043","sete lagoas","MG","Southeast",-44.24812822762975,-19.45799501338864
175,"0eaa7e33d73809f1f925f7d07c506cbd","santo andre","SP","Southeast",-46.49116730072025,-23.67120903205988
176,"0ebd97a106433a45a4aebe57c1799778","contagem","MG","Southeast",-44.05212106582629,-19.956086026625698
177,"0ec28cec4046a4a199b6de9b4c891d97","goiania","GO","Central-West",-49.26949682221062,-16.680677711076534
178,"0ed6ce5d87fd9c69eaacaeb778d67235","americana","SP","Southeast",-47.30723687984722,-22.72062533010144
179,"0ee4fb99ac55ffbbc98795aa01b7f8fa","santana de parnaiba","SP","Southeast",-46.88499666372503,-23.46503945141155
180,"0ef83d7d83ed97cd2a0049ac8be5f88a","curitiba","PR","South",-49.26687451387349,-25.441571360403625
181,"0f0c984a4a955310903b6b6008660bad","franca","SP","Southeast",-47.38735911880558,-20.55362362743643
182,"0f519b0d2e5eb2227c93dd25038bfc01","ibitinga","SP","Southeast",-48.82974353343713,-21.757320637712766
183,"0f7eea709efdf942b5f95c7516dbacd7","pedrinhas paulista","SP","Southeast",-50.79127156718951,-22.815272553334733
184,"0f80a40c312b2472dca482cf50f5186f","lencois paulista","SP","Southeast",-48.78750986401859,-22.59912233055666
185,"0f94588695d71662beec8d883ffacf09","florianopolis","SC","South",-48.50691625507008,-27.600182562331035
186,"0fe2d9733ed841eb064503920015a8c0","ourinhos","SP","Southeast",-49.88183480538479,-22.984705982797625
187,"0ff83046c3fa22efee8ecf291888b191","caxias do sul","RS","South",-51.23023949816572,-29.19085626647707
188,"0ffa40d54288e4f3499b8780dd0f144f","presidente prudente","SP","Southeast",-51.39200415919773,-22.13572820128065
189,"10076e5788b8ee532724bcd460baf762","batatais","SP","Southeast",-47.59026582347453,-20.897753508287284
190,"10089e9f2fd0c668a8fd4e52e1698888","sao jose do rio preto","SP","Southeast",-49.34854545859981,-20.810360710791425
191,"101921376b577a4540dc30e9009133ca","rio claro","SP","Southeast",-47.56519468442955,-22.37849011300643
192,"101a3a003516bc11253298b2fad3cb65","rio claro","SP","Southeast",-47.5792958770093,-22.412926935778415
193,"1025f0e2d44d7041d6cf58b6550e0bfa","sao paulo","SP","Southeast",-46.559726963517065,-23.595498594800546
194,"10264f60a8f0a4d2f30810f5c661c673","campinas","SP","Southeast",-47.03827277348357,-22.887802678045404
195,"1099a00e0ee3a50935e6c2447ca090c5","rio de janeiro","RJ","Southeast",-43.23151762119007,-22.89370323658222
196,"10cdd491d1dbea8fb4ead97b19c334ce","santa rita do sapucai","MG","Southeast",-45.70752067761215,-22.247210939506793
197,"10ff823eda2b032e2c93d17a7d294736","pederneiras","SP","Southeast",-48.78449569702055,-22.3480131169951
198,"112453736dbe3889cfb74e1aaa0ba0c1","sao paulo","SP","Southeast",-46.52164439061696,-23.54706743134006
199,"1127b7f2594683f2510f1c2c834a486b","campinas","SP","Southeast",-47.05305088047736,-22.85798998347003
200,"11305281b50fff20ae8bb473f8e11876","uba","MG","Southeast",-42.94287086370393,-21.117760548690043
201,"113e3a788b935f48aad63e1c41dac1bd","aparecida","SP","Southeast",-45.24664690995328,-22.85123122560903
202,"116ccb1a1604bc88e4d234a8c23f33de","sao bernardo do campo","SP","Southeast",-46.58203502122138,-23.725231104378484
203,"11742f81550ac064cc9a40f67151d9ad","catanduva","SP","Southeast",-48.97133354086963,-21.154142715098303
204,"117cfc326c6d50da67ca858ff5c0c852","sao joao de meriti","RJ","Southeast",-43.3903648173854,-22.805973412779874
205,"11938fcc75f6902fea1d0a6f72b54a57","sao miguel d'oeste","SC","South",-53.51752991440853,-26.733413761251644
206,"119c7f1a00ef43fad0e57604e76a747c","sao paulo","SP","Southeast",-46.656578449510576,-23.472334583682706
207,"119d1aef1b4144adba89163f6cd9f5d4","pedreira","SP","Southeast",-46.89675369133934,-22.740325486164828
208,"11bfa66332777660bd0640ee84d47006","ribeirao preto","SP","Southeast",-47.79796917565806,-21.16589816646429
209,"11d4c477d09821164bca4f70a2eae031","ribeirao preto","SP","Southeast",-47.79106291848944,-21.140244843952534
210,"11eac105f3f90a9b87b19c89d91e24f3","sao paulo","SP","Southeast",-46.342967013705795,-23.405155780523593
211,"11fb6f6d341adbe19e81733701704635","sao paulo","SP","Southeast",-46.6183837748097,-23.621738061326916
212,"120476eb7a04c149d14772edaf5d9bf2","angra dos reis","RJ","Southeast",-44.53711953004649,-23.012719917722837
213,"1284de4ae8aa26997e748c851557cf0e","laranjeiras do sul","SP","Southeast",-52.41264472955824,-25.4068296743911
214,"128639473a139ac0f3e5f5ade55873a5","maringa","PR","South",-51.91823531933558,-23.43113060537283
215,"128f9bfbe4c7d5185033914b1de3d39a","atibaia","SP","Southeast",-46.552880539877926,-23.114730524308005
216,"12a8eb0f8d1cd3270695bf2a99f55966","sao paulo","SP","Southeast",-46.674120598738554,-23.621110481467223
217,"12b9676b00f60f3b700e83af21824c0e","montenegro","RS","South",-51.46796398824514,-29.68780422662314
218,"12c2ed9cded6138cf0c75f525f565fc7","praia grande","SP","Southeast",-46.58934286638432,-24.07862653679614
219,"13074f016982ff2bd6c58ced8682f000","bento goncalves","RS","South",-51.5130632588741,-29.15567446557509
220,"131fcb0a0c9a47bba4474aacff0f14b7","sao paulo","SP","Southeast",-46.6495393904693,-23.536082809674177
221,"1336efc61c316ddf92c899eb817f7cae","assis","SP","Southeast",-50.41524708602697,-22.66558609993429
222,"134285d1f41da5c13a756ee8142c8a4e","sao paulo","SP","Southeast",-46.65562823179936,-23.505830147086826
223,"134a288e7de827ec5ec62e3ec9c3a295","sao paulo","SP","Southeast",-46.595689634405446,-23.554397891852155
224,"134b867a0f7f8bbe6abf10f91874891e","valinhos","SP","Southeast",-47.00199555891175,-22.951601887531698
225,"13511db12ac61e2f89c53b72a944a60b","caxias do sul","RS","South",-51.178313942502264,-29.16631381159491
226,"1352e06ae67b410cdae0b2a22361167b","rio de janeiro","RJ","Southeast",-43.455693673095766,-22.693709309049858
227,"1354d51653f645349064725ed204e85e","sao paulo","SP","Southeast",-46.65711200863415,-23.53631040591802
228,"138dbe45fc62f1e244378131a6801526","sao paulo","SP","Southeast",-46.58336932471798,-23.490758745356786
229,"139157dd4daa45c25b0807ffff348363","sao paulo","SP","Southeast",-46.56975840842565,-23.533308961038088
230,"13c2ed7698b3ca92dad49e849219da59","ponta grossa","PR","South",-50.16088307377579,-25.094349162546607
231,"13d058e4eeac2ce8217660b2f8a05812","osasco","SP","Southeast",-46.78492157358008,-23.543532870600032
232,"13d95f0f6f73943d4ceffad0fc2cd32c","goiania","GO","Central-West",-49.31927701031583,-16.620497783256464
233,"13dd308f81fea30cc670c656b2b46cc3","santa barbara d'oeste","SP","Southeast",-47.37582085471678,-22.740602295539126
234,"13e85aac53340018b40c2af68001b7e0","pedreira","SP","Southeast",-46.89675369133934,-22.740325486164828
235,"13f57c12a00ed4610db646b913a7f5c6","santos","SP","Southeast",-46.31920772096954,-23.953153311271457
236,"13fa2a6c6b9d0f43cb588d7c82117a12","sao paulo","SP","Southeast",-46.48962525685058,-23.539895818294507
237,"141440cad9341e553f8401c574a2aa38","pitanga","PR","South",-51.76595818161726,-24.7578464148576
238,"1430239a858e7682bbc43b20758af153","sao paulo","SP","Southeast",-46.66050227039208,-23.6094300247577
239,"1444c08e64d55fb3c25f0f09c07ffcf2","lauro de freitas","BA","Northeast",-38.33787462509412,-12.89316674808706
240,"1464afc72f696af775557a821c2e253f","nova friburgo","RJ","Southeast",-42.54062738137718,-22.251294327685233
241,"14a08204d03bb6b6bde8029f801ae0eb","sao paulo","SP","Southeast",-46.63188421270581,-23.539657127270956
242,"14d7985702e72162bbf13b6beb74ab2b","santo andre","SP","Southeast",-46.497118306772464,-23.694922546257132
243,"14ee35374a7876217954b5fa08e50463","sao jose do rio preto","SP","Southeast",-49.379027917410916,-20.819120747840632
244,"14f2b3587172b9db894c9bad8dab520b","ipe","RS","South",-51.28985837084383,-28.801903760853797
245,"152ee17e4c8aaf53dac99f3462e4999b","garuva","SC","South",-48.85354111529445,-26.034602380283907
246,"154bdf805377afea75a3bd158e9eab10","ibitinga","SP","Southeast",-48.82974353343713,-21.757320637712766
247,"1554a68530182680ad5c8b042c3ab563","monte siao","MG","Southeast",-46.57340512991158,-22.430217898121057
248,"157c3e4b42f81ac4a44e8b1ca2fe9876","sao paulo","SP","Southeast",-46.5536962508733,-23.601092055866452
249,"1588ac4010787100dddef64568f0ae35","maringa","PR","South",-51.89568585707491,-23.42413885933309
250,"15aac934c58d886785ac1b17953ea898","muqui","ES","Southeast",-41.342187048258076,-20.95206473566138
251,"15ac3c501e2599e4917316fde5c5669a","sao paulo","SP","Southeast",-46.740496426386244,-23.680383297648554
252,"15aec03fe4cf30dfa574cf550f5ff5ff","rio de janeiro","RJ","Southeast",-43.4663601397453,-22.864698795351654
253,"15b3b1b81484422eb41df68ac87f1f50","bauru","SP","Southeast",-49.043374315449675,-22.336423220379867
254,"15cd6eefe58588619aaed41dfa6621b1","ouro preto","MG","Southeast",-43.50704716202351,-20.391011466737936
255,"15ead3a5037a918ddb520dfe39a3d2b9","conselheiro lafaiete","MG","Southeast",-43.77659493151107,-20.65784177366289
256,"15fa791d5e017f66402dc28c44480657","sao paulo","SP","Southeast",-46.574058052376294,-23.546724134529352
257,"160851d3ece7aa1a510f8d1a4bb8a8af","garca","SP","Southeast",-49.658624971976394,-22.211471483564292
258,"16090f2ca825584b5a147ab24aa30c86","atibaia","SP","Southeast",-46.552880539877926,-23.114730524308005
259,"160e4f13fd3a64b1b86807be88b5ffb0","colombo","PR","South",-49.18238228902093,-25.376300774349723
260,"164a5a8794e6d42e14f55e447b12a3bc","guaira","PR","South",-54.25118501409774,-24.08674452889675
261,"165b1235e9e9942cb5fae67103576fb0","ribeirao preto","SP","Southeast",-47.802366376021745,-21.201064692224886
262,"165fc07beebdcb6190fba8a06db2a449","maringa","PR","South",-51.95833421266875,-23.428319760676164
263,"1660ad786c27fd935378b6192a90b417","sao bernardo do campo","SP","Southeast",-46.57089267384955,-23.685798014930253
264,"166e8f1381e09651983c38b1f6f91c11","imbituba","SC","South",-48.67933195388164,-28.23188261767478
265,"167fd940acebc789debd6eb418c46e38","franca","SP","Southeast",-47.411109783856105,-20.52875913617737
266,"1690cada046eb7e92c12f98b1f8a8167","sao paulo","SP","Southeast",-46.64843251428849,-23.549505698154665
267,"16bdc8cefd0e32a6f0824d296c5ad14a","sp","SP","Southeast",-46.55429589206514,-22.9439588035687
268,"1703bc09972dab9782e7a9194943b69f","minas gerais","MG","Southeast",-45.829834338383606,-21.1094994554569
269,"1710c3aaa9c6b44ec3883ee0fe300e21","sao caetano do sul","SP","Southeast",-46.55303956271459,-23.623453984201937
270,"17306570e772e7718c92a562d33f5f1d","bariri","SP","Southeast",-48.740256216555636,-22.07402227056759
271,"173d56ffbd4c56cb80fc3615487d712b","sao vicente","SP","Southeast",-46.3816145241068,-23.955980420412022
272,"1746c1ae87ac63d530c7c943d0ac42e2","santana de parnaiba","SP","Southeast",-46.915509131360864,-23.44402867248359
273,"1771297ac436903d1dd6b0e9279aa505","guarulhos","SP","Southeast",-46.54345371819321,-23.48284143507815
274,"1782ce2db72c3dda627d5e7c898104e1","taboao da serra","SP","Southeast",-46.77825033395158,-23.627685594073668
275,"17908cf9b444ee34047cadd5c0f4a516","anapolis","GO","Central-West",-48.966521031593885,-16.358532989500745
276,"17998cf586426bf0f2c3726cb0a4b211","belo horizonte","MG","Southeast",-43.958701894762896,-19.913379943766735
277,"179d859f51292aac5c10806a356f7af9","ribeirao pires","SP","Southeast",-46.39471606155454,-23.718907865445058
278,"17a053fcb14bd219540cbde0df490be0","mogi guacu","SP","Southeast",-46.93598735087051,-22.38340773030761
279,"17adeba047385fb0c67d8e90b4296d21","guarulhos","SP","Southeast",-46.55405162314024,-23.47264130837401
280,"17ca9b9e9b9ef8fdb529001b49ebb50f","betim","MG","Southeast",-44.1136240110523,-19.943003504595815
281,"17e34d8224d27a541263c4c64b11a56b","riberao preto","SP","Southeast",-47.79796917565806,-21.16589816646429
282,"17eea220a40cc0d2c0c5346379682398","sao paulo","SP","Southeast",-46.49447915291885,-23.538623910110672
283,"17f51e7198701186712e53a39c564617","sao paulo","SP","Southeast",-46.50719416982448,-23.58251935861188
284,"180c3376aff0e43dd5788709df48a843","sao paulo","SP","Southeast",-46.619714833598714,-23.689282735863
285,"1835b56ce799e6a4dc4eddc053f04066","ibitinga","SP","Southeast",-48.82974353343713,-21.757320637712766
286,"1838dd9b8977065acf51d95e0053ea7a","belo horizonte","MG","Southeast",-44.0093411697343,-19.881619613784373
287,"184725737946a1a938bbbd1a9e978103","maua","SP","Southeast",-46.46508387745462,-23.678575022664635
288,"184a67a8f9f63234d3a92340bbdb727f","joinville","SC","South",-48.881817687818064,-26.270742296656483
289,"186cdd1b2df32caa72cfb410bba768d3","rio negrinho","SC","South",-49.52153209709077,-26.256138918645817
290,"189ca3538ce9f920cacf0f982cbe223b","sao paulo","SP","Southeast",-46.48650877535164,-23.551668533356015
291,"18a349e75d307f4b4cc646a691ed4216","sao paulo","SP","Southeast",-46.64072797271628,-23.551881657731418
292,"18e694e0e48ed6f7aa3f24aade5fd697","varzea paulista","SP","Southeast",-46.832495908625276,-23.21870222903969
293,"1900267e848ceeba8fa32d80c1a5f5a8","ibitinga","SP","Southeast",-48.82974353343713,-21.757320637712766
294,"191d55f7edb8524d525ed01b20fe32e8","brasilia","DF","Central-West",-47.809510385882696,-15.657448058889154
295,"1927cdb9fa74f5270097f6250e8e8f34","marilia","SP","Southeast",-49.95694812195039,-22.17914109168325
296,"19484c79cef6c062cb177aa4ef2fcc3c","valinhos","SP","Southeast",-46.98526687545999,-22.98031162983633
297,"1961c3e1272bfeceb05d0b78b5bbfdaf","guarulhos","SP","Southeast",-46.42668333499846,-23.446977376078497
298,"1967a9e2ad6f51802b093147d861df58","sao paulo","SP","Southeast",-46.641582935722816,-23.540695255566053
299,"1976a05ecf2996d6ffb7b5430e635fe7","assis","SP","Southeast",-50.425710079139506,-22.655502343064512
300,"1987cd4be10fe09ee50454f9c354d1c6","ouro fino","MG","Southeast",-46.37130155156735,-22.278485305030326
301,"198c7ea11960a9844b544d9bcdca860c","jacutinga","MG","Southeast",-46.61190091318772,-22.288146664323705
302,"1992f8fb6b19fcccd97ca819811e7267","sao paulo","SP","Southeast",-46.65340944414582,-23.56875503877107
303,"1996942dc085d7773ba77a529b163cd0","pradopolis","SP","Southeast",-48.07391298482992,-21.35993680296325
304,"19a7c9f66ffa6452ff4b4c0cca71da27","itaipulandia","PR","South",-54.30365145115528,-25.147980629391817
305,"19d62d484cba71963c93f0f00ab42013","gaspar","SC","South",-48.9379272246603,-26.935130994148356
306,"19e0f40a907ec568c34bfac15de4f4a1","americana","SP","Southeast",-47.31203571315089,-22.743646919862503
307,"1a3df491d1c4f1589fc2b934ada68bf2","joinville","SC","South",-48.807255525275366,-26.264485009114594
308,"1a6245add4353f18ed55138808906979","sao bernardo do campo","SP","Southeast",-46.581018365360634,-23.67103703273756
309,"1a8e2d9c38b84a9702ac7922924b0573","araquari","SC","South",-48.758112726410026,-26.407378348238257
310,"1a932caad4f9d804097d7f8e615baed1","sao paulo","SP","Southeast",-46.71578918951932,-23.476142147293086
311,"1acde099eb406aa220b1169b188b42da","sao paulo","SP","Southeast",-46.65547084356667,-23.499764018180496
312,"1b0b0f4f95e962d6f32fe90c759d0479","sao paulo","SP","Southeast",-46.69018202139971,-23.487732571152748
313,"1b1ae47a313a825a7ccceb8e2e30fa9d","bocaiuva do sul","PR","South",-49.111757263590974,-25.210806054806167
314,"1b45169b635ef59425637e9a33eb5fb3","maringa","PR","South",-51.91823531933558,-23.43113060537283
315,"1b4b28463457a256e9a784ebe2a8f630","piracicaba","SP","Southeast",-47.630333420285574,-22.725079692431553
316,"1b4c3a6f53068f0b6944d2d005c9fc89","sao ludgero","SC","South",-49.176644834659655,-28.329381712771756
317,"1b61fb1f0f2185d89e9a126c498e9cc7","maringa","PR","South",-51.95833421266875,-23.428319760676164
318,"1b65c144b17e607c0f37f10bb7dfec8d","rio do sul","SC","South",-49.637725417940416,-27.214586575753962
319,"1b7e5006cb25dd23ce8686691013b121","sao paulo","SP","Southeast",-46.60160479445191,-23.46072407799677
320,"1b8356dabde1d35e17cef975c3f82730","sao paulo","SP","Southeast",-46.51180958028992,-23.56849994315455
321,"1b8b75e227c9a9c100d0c210fb6176ce","sao paulo","SP","Southeast",-46.71577306475604,-23.539050227122885
322,"1b938a7ec6ac5061a66a3766e0e75f90","penapolis","SP","Southeast",-50.076930571981784,-21.437402661479666
323,"1bb2bdb95f4841f1bba2c0d2cd83d3c9","sao paulo","SP","Southeast",-46.68783857511076,-23.54360983905433
324,"1bb3812d5f0747a3ab7348f199001a10","sao paulo","SP","Southeast",-46.69212962368637,-23.62940761634312
325,"1bc2e21de46adfea6b98cc96b00f3b40","joinville","SC","South",-48.79651786743283,-26.28013264016432
326,"1c129092bf23f28a5930387c980c0dfc","sao paulo","SP","Southeast",-46.710536255224824,-23.48115800015399
327,"1c40343cc5d18c2d8248ac2f3366de34","limeira","SP","Southeast",-47.42866004567684,-22.5799858221109
328,"1c56ffe0e9dea2657fc6e95b53f40b13","sao carlos","SP","Southeast",-47.90892483428426,-22.033506163362226
329,"1c5e4e49b9079480255b49d50aac1aa9","santos","SP","Southeast",-46.30206995146365,-23.98485830470597
330,"1c68394e931a64f90ea236c5ea590300","sarandi","PR","South",-51.86670281115602,-23.433450486351425
331,"1c742ac33582852aaf3bcfbf5893abcf","belo horizonte","MG","Southeast",-44.02890660317558,-20.000856897018227
332,"1c83418358f249c9d6affa52d579db0e","sao paulo","SP","Southeast",-46.65791603919699,-23.5634354904988
333,"1ca4bdb0cd7fc48e949bac066188ed26","cataguases","MG","Southeast",-42.70358535785255,-21.38265511641797
334,"1ca7077d890b907f89be8c954a02686a","santana de parnaiba","SP","Southeast",-46.95887633541417,-23.41861386678535
335,"1caf283236cd69af44cbc09a0a1e7d32","nova iguacu","RJ","Southeast",-43.449613878629116,-22.733077865046614
336,"1cbcd2ee0afb3fc09963b87eb65e7e4f","curitiba","PR","South",-49.23529486864066,-25.376941287989244
337,"1cbd32d00d01bb8087a5eb088612fd9c","sp / sp","SP","Southeast",-46.53913023372106,-23.562756485026306
338,"1cbd50a8c52e6cf8e315c5709fab386f","fazenda rio grande","PR","South",-49.32801201663355,-25.67317666930261
339,"1cbdc7cf130a41fd13a3c2a7d2fcfda7","lambari","MG","Southeast",-45.349168217053055,-21.97422370150006
340,"1cd9e0cc1839d55516843def5600816d","sao paulo","SP","Southeast",-46.488694256580914,-23.58654972414457
341,"1ce3ae5a399804d1a87e706f8a813c3e","jaguaruna","SC","South",-49.02415747436295,-28.633920987357754
342,"1d0646a72178a6fb37ee8082140e06ec","joinville","SC","South",-48.85721879016354,-26.312712610848944
343,"1d0997ff06b524ce9289ffd75114ecd3","recife","PE","Northeast",-34.89447935380134,-8.045413124545014
344,"1d139e3a3b14025640d8df1b230aace0","barrinha","SP","Southeast",-48.156208788295054,-21.190885638654162
345,"1d1bbb8ac1581824986f582583fff01d","indaial","SC","South",-49.25085522134503,-26.894866389022212
346,"1d2732ef8321502ee8488e8bed1ab8cd","rio de janeiro","RJ","Southeast",-43.177703112986926,-22.90957243765554
347,"1d29dfba02015238dfbe2449a5eaa361","vicosa","MG","Southeast",-42.99946861920251,-20.699028840686488
348,"1d4587203296c8f4ad134dc286fa6db0","sao paulo","SP","Southeast",-46.726588049747335,-23.5048912112042
349,"1d503743d2526f03f0c2c89540ee008c","sao paulo","SP","Southeast",-46.64154914252655,-23.541614488738958
350,"1d8dbc4f32378d715c717c1c1fc57bae","arapongas","PR","South",-51.42388542180935,-23.427901225690103
351,"1d953075c2f0dd990bacf27b83b330f1","belo horizonte","MG","Southeast",-43.97631024306514,-19.937105985386673
352,"1da366cade6d8276e7d8beea7af5d4bf","uba","MG","Southeast",-42.94287086370393,-21.117760548690043
353,"1da3aeb70d7989d1e6d9b0e887f97c23","sao paulo","SP","Southeast",-46.61525833895384,-23.587353600670152
354,"1dc2de47ee26a0a5b12dc14fd6dc0dea","ibitinga","SP","Southeast",-48.82974353343713,-21.757320637712766
355,"1dcfa3835714681d4ba4a93bc1e0fd41","birigui","SP","Southeast",-50.3432673557328,-21.294953796324283
356,"1dd33b8119b3cb1056ed5dc88cd0aaf4","sao paulo","SP","Southeast",-46.69571984890643,-23.627754263109203
357,"1de62b6f2fd96227629786db492433db","sp","SP","Southeast",-50.45588703268646,-21.227537006658544
358,"1dfe5347016252a7884b694d4f10f5c4","ibitinga","SP","Southeast",-48.82974353343713,-21.757320637712766
359,"1e26c56af8d48424e1df0140a2401f83","jaguariuna","SP","Southeast",-46.98829332697691,-22.701125328194536
360,"1e47d8b6546eb3a77b1acddcc9406242","campinas","SP","Southeast",-47.05654899637806,-22.90421369248141
361,"1e47defeeadeca0e9a18fa5a9311e735","catanduva","SP","Southeast",-48.97534937731126,-21.14135802669547
362,"1e483cc5c76fef08d3ca05f9a8af7d01","sao paulo","SP","Southeast",-46.70633793156746,-23.492687855695195
363,"1e8b33f18b4f7598d87f5cbee2282cc2","sao paulo","SP","Southeast",-46.6052956688157,-23.508643305018005
364,"1e8c6a4c538f286aee9573239740a4b4","itatiba","SP","Southeast",-46.83646157527841,-22.995761860301517
365,"1e9d5a33694bddb76316fd1f54734d20","jaciara","MT","Central-West",-54.985215952078036,-15.951274251965152
366,"1eade46fba20122dc4aefb379f8c636b","sao paulo","SP","Southeast",-46.6052956688157,-23.508643305018005
367,"1f1bb1f0859883505541bdd6606193e5","sao paulo","SP","Southeast",-46.57712086357542,-23.506976913025856
368,"1f2eebc0e970fd3c463e4f5d9652687a","sao paulo","SP","Southeast",-46.65279265595322,-23.56450460938095
369,"1f50f920176fa81dab994f9023523100","sao jose do rio preto","SP","Southeast",-49.38916453524917,-20.806706931018397
370,"1f7dfad2cb384ea4d2d7e1ffbd78c407","sao paulo","SP","Southeast",-46.665938971441705,-23.520724956071753
371,"1f7fd2a6fcd5a6fa5d8a4dabc72aaae0","venancio aires","RS","South",-52.19331355503114,-29.61111067145767
372,"1f867308a0ce13133a4e639ff4de0c02","curitiba","PR","South",-49.240868724359665,-25.399872090209225
373,"1f9ab4708f3056ede07124aad39a2554","tupa","SP","Southeast",-50.49834751389763,-21.930547778284403
374,"1fa2d3def6adfa70e58c276bb64fe5bb","sao paulo","SP","Southeast",-46.63502920959905,-23.581450833176696
375,"1fbe10c70e30765ed1de86d9f7e98409","maua","SP","Southeast",-46.44151148849928,-23.660030872728164
376,"1fdc574883ef3b33ad41562d93f3a74a","limeira","SP","Southeast",-47.40309520372463,-22.57072148150254
377,"1fddcb7b326905d3ad5efe82187db347","sao paulo","SP","Southeast",-46.58000203721854,-23.46687349566678
378,"1fe5540d7c1c37a595fefbacd5570d9e","paraiba do sul","RJ","Southeast",-43.292220082304546,-22.164289874346352
379,"1fe61aa5494bd3ae92a2c13e067c810f","santa cecilia","SC","South",-50.418345640869106,-26.960282815228826
380,"2009a095de2a2a41626f6c6d7722678d","sao jose do rio preto","SP","Southeast",-49.38916453524917,-20.806706931018397
381,"2039c5e51785b5dde7cf93ccb3b7be2c","guaira","SP","Southeast",-48.32013128878087,-20.32499012357191
382,"204b4e07bddef3c9b317f70189135b22","borda da mata","MG","Southeast",-46.17112394057631,-22.262584130235293
383,"2059c39f76271d4ca3f15b5ffaccc8b8","curitiba","PR","South",-49.280817114420195,-25.561713581369546
384,"20611af7866c6068fd5ae1f9dbe15c92","porto ferreira","SP","Southeast",-47.47810175812134,-21.866032425983537
385,"2063dd1b9f568df1c16741ea7d3e6adb","guarapuava","PR","South",-51.45456651508261,-25.382309816870258
386,"2075d8cd4dd63ff12df0749a5866bb06","curitiba","PR","South",-49.26917337587714,-25.43364816532121
387,"2078fe5066350e7d220c0ad3a3bbc6c1","arapongas","PR","South",-51.433661455899596,-23.424820380972886
388,"2089a6d640999f9b9141ac719b2af596","sao carlos","SP","Southeast",-47.88750366919182,-21.99948448466143
389,"20a7efa9721046319bdde5d60b6b5365","laguna","SP","Southeast",-48.78465926103056,-28.47572857600971
390,"20a8b0dc55da94fe74d112082427c84f","itu","SP","Southeast",-47.34420030660241,-23.258974175925232
391,"20b54c376b794ed028df09a3cd88e8dc","sao caetano do sul","SP","Southeast",-46.55438133370328,-23.632642413705756
392,"20cb7c2fde3e5bf10f0bbe7394e1c6a9","andira-pr","PR","South",-50.175860427059064,-23.11271842909693
393,"20d53aad4fe5ee93a64f8839609d3586","santa rita do sapucai","MG","Southeast",-45.70752067761215,-22.247210939506793
394,"20d83f3ef0e6925fd74bfd59170babf7","sao paulo","SP","Southeast",-46.697759611661695,-23.483894715878137
395,"20f0aeea30bc3b8c4420be8ced4226c0","santa barbara d'oeste","SP","Southeast",-47.376094232222364,-22.757096912776348
396,"20fd2d2080ed85fa67fad3fcbb2c1813","colombo","PR","South",-49.19199132492246,-25.36373418271386
397,"2138ccb85b11a4ec1e37afbd1c8eda1f","sao paulo","SP","Southeast",-46.439816187506,-23.539944363160135
398,"213b25e6f54661939f11710a6fddb871","salto","SP","Southeast",-47.290258033420066,-23.191964626452787
399,"213fafb0ca06fb3d5886579c2565791b","sete lagoas","MG","Southeast",-44.24812822762975,-19.45799501338864
400,"2156f2671501a81034d7d07f217609d0","sp","SP","Southeast",-46.70240296312421,-23.687007595079173
401,"217f005bb37ff3aeef5b2ae1788e75ba","osasco","SP","Southeast",-46.77836723266995,-23.56553029762195
402,"218d46b86c1881d022bce9c68a7d4b15","ribeirao preto","SP","Southeast",-47.790810074479445,-21.11271327505402
403,"218f991754f360af9c2daa5e0b8e990c","sao paulo","SP","Southeast",-46.63658239267473,-23.5291645437106
404,"2199e7fe213c16213bf5d6a7eadc9a5d","registro","SP","Southeast",-47.84616128650985,-24.498837779550914
405,"21c62b998a043ebe31161d38f84929fc","fortaleza","CE","Northeast",-38.516716250629,-3.7350544672529074
406,"21d59342ba150175ca2aa4f8faddeca6","itaquaquecetuba","SP","Southeast",-46.30647080192452,-23.474479864080735
407,"21e83881401b92b49fb09a16d3852291","uberlandia","MG","Southeast",-48.249939897161696,-18.892698009108987
408,"2235cf78d3e2073a88146a9cb60f0dd0","sao paulo","SP","Southeast",-46.683971167929215,-23.597787481892404
409,"226b05fe067266c59c15dae208213d06","curitiba","PR","South",-49.23992036516673,-25.46172885939091
410,"228e4c1a0be164f613d41c24345f9d2c","bandeirantes","PR","South",-50.37155139815295,-23.11189686292527
411,"229c3efbfb0ea2058de4ccdfbc3d784a","belo horizonte","MG","Southeast",-43.94612171790458,-19.924640007158555
412,"22a23e5ac7061fc538cc2a019afaaf16","belo horizonte","MG","Southeast",-43.92852281029642,-19.946634191819104
413,"22c32ec35d0116ef02c281798a25bf8b","maringa","PR","South",-51.89433304784449,-23.401267513818837
414,"2305ab43e846518f58dd9d59f3f54e96","sao paulo","SP","Southeast",-46.39737526240548,-23.532068071956992
415,"232a6014e7b10cba61c6c2b2ea6bb4b0","cafelandia","SP","Southeast",-49.602212692890156,-21.803200599395232
416,"23613d49c3ac2bd302259e55c06c050c","porto ferreira","SP","Southeast",-47.47810175812134,-21.866032425983537
417,"236585a4ddb5fea9fa40233e2249ed91","caxias do sul","RS","South",-51.167060688259696,-29.195443386057907
418,"2379bdc3888025689a9deb7b141507d5","mogi mirim","SP","Southeast",-46.96800110638157,-22.42000229151597
419,"238fac594e170b59c6d228f5a4f4f1d9","dois corregos","SP","Southeast",-48.3862619792224,-22.368024597233404
420,"23a0ffca143a15b9b5bbdb7d552f626a","sao pedro","SP","Southeast",-47.90659642198055,-22.55124525869924
421,"23c38debaffe4a25a30fdbd9b586a13f","votorantim","SP","Southeast",-47.45738003311677,-23.5433196237979
422,"23ca5f678e0b3ea6c630b30fa8bf51ea","sao paulo","SP","Southeast",-46.68293028819837,-23.477470570323415
423,"23d7c96d4a1160db1c726b248601b25a","capivari","SP","Southeast",-47.50572510550505,-22.99748379485895
424,"23ff42c4bf1f8f16cddb19d8b972974a","itau de minas","MG","Southeast",-46.75138057010448,-20.744288365201516
425,"240b9776d844d37535668549a396af32","niteroi","RJ","Southeast",-43.092274005588976,-22.883270236856813
426,"244b04680fdbded0acf5aebd9c92b44a","jundiai","SP","Southeast",-46.921573347175155,-23.189420416902394
427,"244c2f1bff6afe1f2eaf9bfe9b2aed38","mogi das cruzes","SP","Southeast",-46.10417245526518,-23.516913648399584
428,"247587846358bb1d2e4c6522020b36fe","sao jose do rio preto","SP","Southeast",-49.410999511658055,-20.855380218943676
429,"2493dc3f20131696a0ecdb9948051a8d","brasilia","DF","Central-West",-47.97578274752615,-15.842610145347992
430,"249f0e9905a6e06ad6c6bea7547ab9f6","rio de janeiro","RJ","Southeast",-43.255586095591596,-22.90399569141675
431,"24a6daf925d9d591870a66660416de31","robeirao preto","SP","Southeast",-47.766518187513746,-21.140495922283165
432,"24c1de8d9551c0b4fbc53317d53efda8","serra redonda","PB","Northeast",-35.68043589181518,-7.185330489314501
433,"2528513dd95219a6013d4d05176e391a","osasco","SP","Southeast",-46.78198098470048,-23.55305446892853
434,"2528744c5ef5d955adc318720a94d2e7","jundiai","SP","Southeast",-46.8725900966585,-23.204103869609316
435,"252e76235acb79183cfca6e34f13337d","campinas","SP","Southeast",-47.03827277348357,-22.887802678045404
436,"253c025bab43881055aeecde5e2d8b77","curitiba","PR","South",-49.284894008186754,-25.458880971712073
437,"253f95b3a0e6983ae18aed49fbc2b845","sao paulo","SP","Southeast",-46.63325835278836,-23.6100569892304
438,"257e61d3251fb5efb9daadddbc2cf7ca","apucarana","PR","South",-51.451196119209996,-23.54060080145267
439,"258447aad3f7b01e2643c89f64dc5647","cianorte","PR","South",-52.589930435862705,-23.657923694543374
440,"259f7b5e6e482c230e5bfaa670b6bb8f","poa","SP","Southeast",-46.34087492614052,-23.521944210545936
441,"25be943a321c8938947bdaabca979a90","sao bernardo do campo","SP","Southeast",-46.55695623040588,-23.706316018037764
442,"25c5c91f63607446a97b143d2d535d31","itauna","MG","Southeast",-44.57613377216054,-20.077863070164618
443,"25cf099de44674fde97473224f9d59ab","cotia","SP","Southeast",-46.899975069743455,-23.607718189069413
444,"25debeafbce801fdd479539350185eee","igaracu do tiete","SP","Southeast",-48.56280548602923,-22.51618721317427
445,"25e47381a6c510ddeb36084e33b89f0c","praia grande","SP","Southeast",-46.45929254716722,-24.00834175506474
446,"25e6ffe976bd75618accfe16cefcbd0d","sao paulo","SP","Southeast",-46.71083963489561,-23.570211693584675
447,"262237171f48e85819065498cac80d7b","brusque","SC","South",-48.893194732832825,-27.07661686672867
448,"2646baaf662d4d92ac48f047e35db92d","sao paulo","SP","Southeast",-46.587698164961175,-23.545203383248207
449,"26562f211dd1364af2a8596dc945e8ae","sao bernardo do campo","SP","Southeast",-46.54088179049874,-23.709470844712847
450,"265fdc289dffa9f1ad801c74f7d0de47","jaci","SP","Southeast",-49.571920762950214,-20.88470930883423
451,"26785a546900236d66f2e4197c211158","sao paulo","SP","Southeast",-46.42391119493388,-23.526895092619124
452,"269c5fc9fcadee614364c3620c30a1f9","guarulhos","SP","Southeast",-46.497969729167934,-23.429963536262726
453,"269cff2d3c8d205c11f37a52402ea93b","catanduva","SP","Southeast",-48.99295367914728,-21.128726159505163
454,"26af45f5dfd967225a832838aa4e24a3","curitiba","PR","South",-49.303836794009264,-25.48933940885059
455,"26b482dccfa29bd2e40703ba45523702","santa barbara d┬┤oeste","SP","Southeast",-47.41705497247527,-22.757882920125365
456,"26bad72add1f86e08a776ce4ffdaf1ca","pedregulho","SP","Southeast",-47.47674170415544,-20.248446312480418
457,"26d6bbee02420494d471c9f6436929c0","curitiba","PR","South",-49.231063871318334,-25.46101647360314
458,"26d8a1c7c75d513045798992ead43aa2","apucarana","PR","South",-51.46575603144135,-23.55447708066191
459,"26e13b6ff5b641b329e5524241ee2c93","franca","SP","Southeast",-47.38740999652927,-20.52861928433883
460,"26e2c91ef821e1ff8985f408788fe35b","ibitinga","SP","Southeast",-48.82974353343713,-21.757320637712766
461,"26e2e5033827d2ba53929f43e03d8ffe","sao paulo","SP","Southeast",-46.648206260815364,-23.467790322895205
462,"26f6b7ab07be3e9e69ce82a6552efc19","rio de janeiro","RJ","Southeast",-43.283779066776354,-22.84391441168263
463,"270297ead4c65a6cd2593960d2af6b21","sao paulo","SP","Southeast",-46.70246251262529,-23.66941385951909
464,"270572bb714b00531be85e16e1550f26","maua","SP","Southeast",-46.46508387745462,-23.678575022664635
465,"2709af9587499e95e803a6498a5a56e9","sao paulo","SP","Southeast",-46.46998900543199,-23.488234128266228
466,"270d3ef21830ad0ecf3a6c53d08a533a","carapicuiba","SP","Southeast",-46.83721005347435,-23.54191207813006
467,"271b8923c6a549e02d3c9fd1f8c0422b","praia grande","SP","Southeast",-46.47823694263504,-24.026525667888205
468,"271c58a1d139c45eaf3316107c6d3a3b","sao paulo","SP","Southeast",-46.5497798081928,-23.527982062237164
469,"272f092de69afedd4d2969440b37f18f","sao paulo","SP","Southeast",-46.54115925090763,-23.594940355849836
470,"2745f798279e0ed033addcc1474776d7","sao paulo","SP","Southeast",-46.61636650804024,-23.556284097103738
471,"276677b5d08786d5dce7c2149dcce48b","belo horizonte","MG","Southeast",-43.94538236770013,-19.836057733815164
472,"278b6e0b20c4f61fefaa0577943d7a35","itajai","SC","South",-48.72163589675503,-26.943749340786518
473,"27a56ff04b34c2ba34ce6ba4d3b9d616","campinas","SP","Southeast",-47.09708472302029,-22.90493675256665
474,"282c7480173bb9c01dd41cc739fec010","sao paulo","SP","Southeast",-46.71088404654185,-23.663024455640826
475,"282f23a9769b2690c5dda22e316f9941","belo horizonte","MG","Southeast",-43.98998650424639,-19.810952280668232
476,"28405831a29823802aa22c084cfd0649","sao paulo","SP","Southeast",-46.53344298946831,-23.526008583418218
477,"28872dc528e978a639754bc8c2ce5a4c","caxias do sul","RS","South",-51.154831167311414,-29.16744881112399
478,"289cdb325fb7e7f891c38608bf9e0962","belo horizonte","SP","Southeast",-43.98042684085742,-19.807680657862143
479,"28a26ebce31d5918b181ede016fd693b","belo horizonte","MG","Southeast",-43.89948356702756,-19.86754110280799
480,"28c7d8743fbc8679f484868cc0fcaefb","itaporanga","SP","Southeast",-49.486363478018,-23.705464946211745
481,"28d162ab86bb49d719c32f0ee6186eaa","ribeirao preto","SP","Southeast",-47.74577904228066,-21.134122864665894
482,"28ea411b354f14b1a494be4e79f0ce02","sao paulo","SP","Southeast",-46.70493308856589,-23.607023885737185
483,"28f10b1c5e5abb9d4857745bede6147c","sao paulo","SP","Southeast",-46.59886566931121,-23.620422385707208
484,"28fb0829fd777877cdc350d25cb5bd5b","sao jose do rio pret","SP","Southeast",-49.37011631689225,-20.79087679753519
485,"293dee954235e4e4e43f129313625ebe","brasilia","DF","Central-West",-48.06773447506375,-15.813120200273898
486,"2953ce3a88f5e3c3b696d77fc9e4c8eb","sao paulo","SP","Southeast",-46.61394648682919,-23.59145918691949
487,"296729ffb9b684050dd24836dac4494a","curitiba","SP","Southeast",-49.28860985729242,-25.448990860825614
488,"297d5eccd19fa9a83b2630071ff105e4","curitiba","PR","South",-49.29981790225272,-25.428323460810223
489,"299c89a525fee36c567f4fe72f038100","varzea alegre","CE","Northeast",-39.298596402158616,-6.792557339326899
490,"29c322e3f09f886f8bacbe91dfbd979e","santa maria","RS","South",-53.73268020253615,-29.699988549664248
491,"29e6e05b65f93bc224c644319dc52ecf","juiz de fora","MG","Southeast",-43.34597324239811,-21.764571387448203
492,"29fe9f200d3fa0c668d2aa1ec7e08dfb","balneario camboriu","SC","South",-48.632151504897195,-26.992704286772575
493,"2a1348e9addc1af5aaa619b1a3679d6b","belo horizonte","MG","Southeast",-43.96164848633417,-19.960059611364848
494,"2a167ca73899c85001a837d8fb4962f6","sao paulo","SP","Southeast",-45.70752067761215,-22.247210939506793
495,"2a261b5b644fa05f4f2700eb93544f2c","porto ferreira","SP","Southeast",-47.47810175812134,-21.866032425983537
496,"2a50b7ee5aebecc6fd0ff9784a4747d6","brasilia","DF","Central-West",,
497,"2a5b78b41cd05baeac8df54c6606b92c","formiga","MG","Southeast",-45.433058998165116,-20.46253562176836
498,"2a61c271b1ac763450d846849783e922","santo andre","SP","Southeast",-46.51707802760377,-23.686359044629974
499,"2a6fbeaa7ab9e5d59a35841a8da71ce4","jaragua do sul","SC","South",-49.08529233667027,-26.500511928687622
500,"2a73cba571d90c694b7caca072ccf6ce","sao caetano do sul","SP","Southeast",-46.55438133370328,-23.632642413705756
501,"2a7c6c0b0d5efde2bf75ec1e1cec2d41","maringa","PR","South",-51.95833421266875,-23.428319760676164
502,"2a7dc43cecabf23403078e2188437d1d","sao paulo","SP","Southeast",-46.6306094165635,-23.6118926985818
503,"2a84855fd20af891be03bc5924d2b453","belo horizonte","MG","Southeast",-43.942417941975386,-19.917826028188397
504,"2aa3443d7bf9d9bb11133f420d75e083","rio de janeiro","RJ","Southeast",-43.396083912145656,-22.93017458401669
505,"2aafae69bf4c41fbd94053d9413e87ee","porto alegre","RS","South",,
506,"2addf05f476d0637864454e93ba673d5","brasilia","DF","Central-West",-47.87892317594594,-15.761386740900729
507,"2b03ac196f5ed62ac483960fe0fa3b65","sao paulo","SP","Southeast",-46.65199446742354,-23.5130421007653
508,"2b1a40c1daabc6ca280c4b815c101841","divinopolis","MG","Southeast",-44.88407963221903,-20.1403596878013
509,"2b2fed75b8e5ea3a052fc4c0825da485","juiz de fora","MG","Southeast",-43.354060136263456,-21.757347530910046
510,"2b3b9ce054da76a7428df143a567b156","sao paulo","SP","Southeast",-46.49680878317832,-23.57483596773854
511,"2b3e4a2a3ea8e01938cabda2a3e5cc79","sao paulo","SP","Southeast",-46.69403108090457,-23.63552988166382
512,"2b402d5dc42554061f8ea98d1916f148","irece","BA","Northeast",-41.855805030013414,-11.304164446373438
513,"2b5ed0c9139dae8883a200dfcb272ece","sao paulo","SP","Southeast",-46.66050227039208,-23.6094300247577
514,"2ba91c7ad80ff88b23b7db823b43c233","itu","SP","Southeast",-47.307125332161846,-23.275310701223674
515,"2bd05d410a8fd26dc4184a15f4f2f588","belo horizonte","MG","Southeast",-43.94238063666805,-19.891961626002008
516,"2bdb95a56a36ebbc6640337ac5eac174","sao paulo","SP","Southeast",-46.64217626413456,-23.616299909517167
517,"2be17df1c49978426251562096c3cc09","tubarao","SC","South",-49.01172864670753,-28.475921543742647
518,"2bf28e311bba65237358230cabac3f15","londrina","PR","South",-51.17165906258636,-23.346965763755986
519,"2bf6a2c1e71bbd29a4ad64e6d3c3629f","nova friburgo","RJ","Southeast",-42.519730774414754,-22.323794866229523
520,"2c00c85d30361cd2ced2969cffbbffa3","belo horizonte","MG","Southeast",-43.93150497890123,-19.878923245107323
521,"2c2c9832d1bb38c5b0034a3b47d313ee","santa maria","RS","South",-53.798332601350374,-29.689436500143422
522,"2c3d56f92f360fb89d849b84e8f50eae","barueri","SP","Southeast",-46.89595803664036,-23.512218586332583
523,"2c43fb513632d29b3b58df74816f1b06","belo horizonte","MG","Southeast",-43.97631024306514,-19.937105985386673
524,"2c4c47cb51acd5ea5db5e0ae0e26542a","buritama","SP","Southeast",-50.14440187114215,-21.06728750877154
525,"2c538755f1ca9540af144f266e70df6c","castro pires","MG","Southeast",-41.495279214339966,-17.858065304878735
526,"2c54051840f19eca309a5423cf22df36","curitiba","PR","South",-49.264433478949705,-25.51720041685248
527,"2c9005d8043aff18b8557ffb7b13cda4","cachoeiro de itapemirim","ES","Southeast",-41.11688197001606,-20.85864952116389
528,"2c9e548be18521d1c43cde1c582c6de8","mogi das cruzes","SP","Southeast",-46.262085681846166,-23.543394600163566
529,"2cb4700db635baa1c0d4f90ed27b6669","curitiba","PR","South",-49.303836794009264,-25.48933940885059
530,"2cb6eb1b7185064167657fa09f541105","sabara","MG","Southeast",-43.90337735934445,-19.88048931872633
531,"2cb98e27ce1c18abdb42209b34c382a7","ribeirao preto","SP","Southeast",-47.79796917565806,-21.16589816646429
532,"2d20f1cd18725c91147da0791d498022","londrina","PR","South",-51.136186148711786,-23.338993599490653
533,"2d22fc3089eb907b29ebff50581fb472","macae","RJ","Southeast",-41.764393619733724,-22.328101842833274
534,"2d2322d842118867781fc737e96d59a1","sao paulo","SP","Southeast",-46.79261135376148,-23.688713388674568
535,"2d2c62bef4c8ba0dd74e0e228e808539","ribeirao preto","SP","Southeast",-47.7779524735565,-21.20131082333705
536,"2d34636518ba88f5349b732fcf8ba2e4","sao paulo","SP","Southeast",-46.63916528885119,-23.54137085777194
537,"2d378dbb39815785238c0139c7647fb7","sao francisco do sul","SC","South",-48.60788895849941,-26.24556370537885
538,"2d42ebcda99fd55f6f4bc2f1ca035d50","uruacu","GO","Central-West",-49.14209708875239,-14.51847480665127
539,"2d50d6282f8aa2257819a77bfaa0efe0","ibitinga","SP","Southeast",-48.82974353343713,-21.757320637712766
540,"2d518637f53161b973e01f56ea4bb88e","sao paulo","SP","Southeast",-46.72876362629742,-23.448820684410215
541,"2d8cfba3fcd3170555941605edaa196a","osasco","SP","Southeast",-46.78492157358008,-23.543532870600032
542,"2d9e8987a2ea5cf88dce330249043ff1","jaci","SP","Southeast",-49.571920762950214,-20.88470930883423
543,"2dcf93836ae3ce0d7c93e2f10876467a","sao jose dos campos","SP","Southeast",-45.91320082089596,-23.22429835753478
544,"2dd1fb6f0e42a2243b8a01e40cd41216","curitiba","PR","South",-49.28860985729242,-25.448990860825614
545,"2dee2ce60de9709b1a24083217181a1f","sinop","MT","Central-West",-55.508109883918124,-11.834552427998759
546,"2e0dba2da448400b1c11d7b4b22f32a4","santo andre","SP","Southeast",-46.54636839196643,-23.64365536920469
547,"2e13c71026e1a39ba5cc1b86dcb679aa","sao paulo","SP","Southeast",-46.592025360562616,-23.4742542193426
548,"2e1a7d075abe038c1b2743005fe42ff1","sao paulo","SP","Southeast",-46.525535956916954,-23.569882479319656
549,"2e1c9f22be269ef4643f826c9e650a52","sao paulo","SP","Southeast",-46.68180588603656,-23.747947364049548
550,"2e2f44824ab87a0cb961f68bf4073e7f","curitiba","PR","South",-49.35638685367505,-25.412063650373128
551,"2e3be8a987a30d7544dbbda6861cc14e","belo horizonte","MG","Southeast",-44.00137386328225,-19.98331916932688
552,"2e7ea2aafec5835e781b21d6d1faf1f1","sao paulo","SP","Southeast",-46.708985941812315,-23.452793107256145
553,"2e90cb1677d35cfe24eef47d441b7c87","sao paulo","SP","Southeast",,
554,"2ea0861cc19e94cad86438c984c52da4","sao paulo","SP","Southeast",-46.53675954468526,-23.51086004925186
555,"2eb70248d66e0e3ef83659f71b244378","campinas","SP","Southeast",-47.01353540823248,-22.9140200060427
556,"2ec6e37d992a95eaddb3369dcbcc76d9","porto alegre","RS","South",-51.15143702712152,-30.04191923241926
557,"2ee0a0689f2f6a72f35a7cb6033f6e7e","presidente prudente","SP","Southeast",-51.40735633783322,-22.100315101836674
558,"2eeb6531ee027a48d401e72bebdd87d3","sao jose dos campos","SP","Southeast",-45.88784285021326,-23.224503345848696
559,"2ef086a599b597572aca4433b7ed6b3d","jaragua do sul","SC","South",-49.058517578119535,-26.481293919027955
560,"2f09f7d37a97956d11cc1a7cadd5262b","ribeirao preto","SP","Southeast",-47.78842912306861,-21.17989319210998
561,"2f1e7b90e01d9f086cbcb301c0c3d406","blumenau","SC","South",-49.070726394118175,-26.947572578379823
562,"2f3d8b4c9e2ee165075331fea3f3095a","sao jose","SC","South",-48.6665819836296,-27.58221912591979
563,"2f4b0d3b9634b647d4edee577d7ebb7e","sao paulo","SP","Southeast",-46.600729145013894,-23.472814658449078
564,"2f4b9d112bfa44a214bc6cef085d17c8","afonso claudio","ES","Southeast",-41.12371138232126,-20.076821553002276
565,"2f73e04d12cdf0c945ded66bb3fcf6c7","cachoeiro de itapemirim","ES","Southeast",-41.15726028126335,-20.83232137438696
566,"2f74af7a0ee5636f12c2336f9fffed47","sao paulo","SP","Southeast",-46.62810512762747,-23.457618907473133
567,"2f9b7ce230a057a98a9f5df5893ee36c","barueri","SP","Southeast",-46.83305816446204,-23.49879608893553
568,"2fa13c8bd5705d279f7ed5cc9ec61c68","sao paulo","SP","Southeast",-46.68190697391393,-23.67427925345723
569,"2fb25ab44bdbeae6a4d816e0d0c9d500","volta redonda","RJ","Southeast",-44.129543352427085,-22.507733189998774
570,"2fdde51ad3e12f297da656d4fbd5d0b5","joinville","SC","South",-48.79651786743283,-26.28013264016432
571,"2ff6b7bff164ef05590a52734e1296da","londrina","PR","South",-51.17566618569717,-23.312446047306594
572,"2ff97219cb8622eaf3cd89b7d9c09824","salto","SP","Southeast",-47.29586644694692,-23.20274626766997
573,"3076499bbc033a927bf4a8a41bcf7fd4","auriflama","SP","Southeast",-50.55462075520381,-20.685083174259983
574,"3078096983cf766a32a06257648502d1","scao jose do rio pardo","SP","Southeast",-46.94775856933444,-21.582987429934295
575,"30829ded4523ab9224b93bc49a62c95f","parai","RS","South",-51.78694608531579,-28.59670377443215
576,"3092c0b297aacfb4bb6e056ebe13b9b8","aruja","SP","Southeast",-46.31470569541417,-23.396334781814478
577,"30a2f535bb48308f991d0b9ad4a8c4bb","santa barbara d'oeste","SP","Southeast",-47.38550081126994,-22.767878146744998
578,"30a81d8cf85fb2ada1b1b094c9583a95","sao paulo","SP","Southeast",-46.49189065896295,-23.546481275257452
579,"30c7f28fd3a5897b2c82d152bb760c17","niteroi","RJ","Southeast",-43.12041784927662,-22.893701145563117
580,"312ba1d77e9c332ef21f9598b7f64cd7","guarulhos","SP","Southeast",-46.41877432373761,-23.404045959771736
581,"31344c16881c08a8a72c6d2eb29918c1","uba","MG","Southeast",-42.94287086370393,-21.117760548690043
582,"31561f325664a8a7aba4c8d0c3a9b3db","sao paulo","SP","Southeast",-46.53310582777932,-23.595498020056482
583,"318f287a62ab7ac10b703ac37435a231","sao paulo","SP","Southeast",-46.70898563701572,-23.68224733460275
584,"31ae0774c17fabd06ff707cc5bde005f","americana","SP","Southeast",-47.31203571315089,-22.743646919862503
585,"31be790e64fc99f8ff48ec2bd18a3104","sao bernardo do campo","SP","Southeast",-46.59061531395744,-23.675120520463548
586,"31da954dc0855f2495c6310f70a2f931","araras","SP","Southeast",-47.38887462828355,-22.37006124500207
587,"31e60bf8d103ce47932a85f5562deb16","goiania","GO","Central-West",-49.29609126429586,-16.6125226346468
588,"31eec405c9bb71dec8e2629a92e764fa","cachoeiro de itapemirim","ES","Southeast",-41.12005826115421,-20.84745965383212
589,"323ce52b5b81df2cd804b017b7f09aa7","sao paulo","SP","Southeast",-46.57571243111453,-23.54465173322405
590,"324583d68897f5ddbaf38f6248322176","sao jose do rio preto","SP","Southeast",-49.36411121795177,-20.776863599768536
591,"325f3178fb58e2a9778334621eecdbf9","taboao da serra","SP","Southeast",-46.78672761113588,-23.61117566577071
592,"327b89b872c14d1c0be7235ef4871685","manaus","AM","North",-60.019225134515096,-3.131672033317587
593,"3289d8c3eef4873f91ce0b1343c0dd58","praia grande","SP","Southeast",-46.41912533835566,-24.00892314920891
594,"328acb143b4a73aad6bee8e734f5d20d","foz do iguacu","PR","South",-54.58574137255735,-25.511247194351533
595,"3296662b1331dea51e744505065ae889","catanduva","SP","Southeast",-48.96331895137842,-21.12241501822202
596,"32b8764b4ef628b53608fc34011fcc13","lages","SC","South",-50.343599326063334,-27.821803151120367
597,"32e5635e63cb374eb63afdd242fb6134","rio de janeiro","RJ","Southeast",-43.23772919271784,-22.978415229717168
598,"32f1bb9dfa65bc7df5c0d9d95a616be4","sao paulo","SP","Southeast",-46.6951881968269,-23.621530849176285
599,"32f83ffe11cd40f7adcf4eef171f52d9","uruguaiana","RS","South",-57.07895237377018,-29.762249215384376
600,"32fdd5d44ecb43dfd6a24b9369eca144","carmo do cajuru","MG","Southeast",-44.83146841702718,-20.28277684321241
601,"3338e7a0710a195872be80e0d2423867","piracicaba","SP","Southeast",-47.67289783022834,-22.723826526212957
602,"333c4210e76a1aa2ab817b99437e3ff1","vargem grande do sul","SP","Southeast",-46.89918572591988,-21.83491864103435
603,"3340ef1913fb70d28420f6ceb685c339","maringa","PR","South",-51.907543291308734,-23.413742909500797
604,"334cab711dee080b079fa5779b584783","santo andre","SP","Southeast",-46.53815742287354,-23.67391548382347
605,"33576ec5412fb5905d876f12f33bfde6","curitiba","PR","South",-49.248773418631316,-25.418049427772548
606,"3361277dc30b7cccdb0c286b24219756","maringa","PR","South",-51.95833421266875,-23.428319760676164
607,"3364a91ec4d56c98e44174de954b94f6","porto velho","RO","North",-63.893565458644154,-8.766194545807494
608,"33a17d60c64393351ebf1ef860f4e0f2","porto alegre","RS","South",-51.17775102637316,-30.071335028920938
609,"33a6f4b1e7cdc205511e76ba1b6e0186","guarulhos","SP","Southeast",-46.54959010802118,-23.42946359631355
610,"33ab10be054370c254ddfcf0a6253422","rio de janeiro","RJ","Southeast",-43.46551954103294,-23.012986504226507
611,"33ac3e28642ab8bda860a2f693000e78","cotia","SP","Southeast",-46.91753331085016,-23.609451894779586
612,"33c51922b6e3c16b24a8f28e5833c99d","londrina","PR","South",-51.157136422828174,-23.31812709264707
613,"33cbbec1e7e1044aaf11d152172c776f","bento goncalves","RS","South",-51.5130632588741,-29.15567446557509
614,"33cbda8716511e27e556dff9d8418bf2","blumenau","SC","South",-49.07374245904507,-26.891021758568968
615,"33d677f27a69b84051204ee4ae76eaca","joinville","SC","South",-48.8615316520409,-26.272530923506324
616,"33dd941c27854f7625b968cc6195a552","vila velha","ES","Southeast",-40.301288870722175,-20.35405888401446
617,"33fd411ed63a7c2f9005e3f065d9f85d","condor","RS","South",-53.48483905681858,-28.207322126321763
618,"34056b8b55c1775a22af2331670a799c","penapolis","SP","Southeast",-50.076930571981784,-21.437402661479666
619,"340636a908b13bbe0f4fb63fbe1d0c03","sao jose dos campos","SP","Southeast",-45.91320082089596,-23.22429835753478
620,"343e716476e3748b069f980efbaa294e","campinas","SP","Southeast",-47.09708472302029,-22.90493675256665
621,"3442033154be05bac582e173ef54fd12","sao paulo","SP","Southeast",-46.68000930081468,-23.559765879649134
622,"344223b2a90784f64136a8a5da012e7f","gaspar","SC","South",-49.023382533933386,-26.851926679685715
623,"3442f8959a84dea7ee197c632cb2df15","campinas","SP","Southeast",-47.06133702244192,-22.893848032534073
624,"34675b28b826facfde119785bf287dc1","cascavael","PR","South",-53.466729765315804,-24.966466359942885
625,"3481aa57cd91f9f9d3fa1fa12d9a3bf7","capivari","SP","Southeast",-47.50572510550505,-22.99748379485895
626,"3492e68f37fd1df87f4f2f2ea247f445","salto","SP","Southeast",-47.2753096960776,-23.192903749104506
627,"34a557286ead8fe75c989e0afcf7d98c","franca","SP","Southeast",-47.433583875541835,-20.536613759556865
628,"34aefe746cd81b7f3b23253ea28bef39","curitiba","PR","South",-49.329172989634834,-25.444532403869676
629,"34d1ca11b242c0fee2c834ae8d788566","congonhas","MG","Southeast",-43.8616875473087,-20.509894537367913
630,"34f563c82a85b99ae9e6d60db5fc2e28","campo bom","RS","South",-51.06040344017742,-29.677045008814133
631,"3504c0cb71d7fa48d967e0e4c94d59d9","maua","SP","Southeast",-46.44423827270244,-23.680729252163328
632,"35281d148dcf7134bae913c57db4e6da","sao paulo","SP","Southeast",-46.74921995719647,-23.477638371873436
633,"353e21e8bf8de2722b4fae1636664b76","canoas","RS","South",-51.16849385835351,-29.949839227216522
634,"35857757f553273b1056c1cabdace7fb","ribeirao preto","SP","Southeast",-47.802366376021745,-21.201064692224886
635,"3586b8580d9c917874e053a1bb37b5ff","araraquara","SP","Southeast",-48.180222226584,-21.772225708483816
636,"35b96509602ec4b7da831b5cd73ff2c2","sao leopoldo","RS","South",-51.130249628336905,-29.769156789229083
637,"35ef5aa32949680f627efec3c23e705c","sombrio","SC","South",-49.63523203121822,-29.10846525296456
638,"35fb511489d9ee3ee27a76debce9df06","londrina","PR","South",-51.17969767227215,-23.31205147436025
639,"3606774ec64634822d78dc2db6d37045","sao caetano do sul","SP","Southeast",-46.57186007842897,-23.615655757086817
640,"365e445f796710c3431557e85caa25db","sao paulo","SP","Southeast",-46.66202770921539,-23.612920131950528
641,"365e4bce19bda0082c3d15d83fdb8bcd","sao caetano do sul","SP","Southeast",-46.56543098226678,-23.632744917274685
642,"36890be00bbfc1cdb9a4a38a6af05a69","osasco","SP","Southeast",-46.78310812662827,-23.569298792364663
643,"36a968b544695394e4e9d7572688598f","santos","SP","Southeast",-46.32962527759821,-23.93357260989164
644,"36f98ad67cc981f50ce8aed093d5783c","toledo","PR","South",-53.747606481343865,-24.711673570658885
645,"37303482a42fb700d8d127e70a9cd6c8","campinas","SP","Southeast",-47.08244278411783,-22.892057554565948
646,"373ee4a3a775a733770ca3f790b8b9ac","rio de janeiro","RJ","Southeast",-43.40471828456726,-23.00061899109575
647,"37515688008a7a40ac93e3b2e4ab203f","dracena","SP","Southeast",-51.533744143993815,-21.48639335970809
648,"376a891762bbdecbc02b4b6adec3fdda","goiania","GO","Central-West",-49.32701527508711,-16.690437557318464
649,"376d67b61dce0c990155286e7ae486a4","sao paulo","SP","Southeast",-46.691298009854975,-23.703808462248517
650,"3771c85bac139d2344864ede5d9341e3","sorocaba","SP","Southeast",-47.40454580051051,-23.459173046685173
651,"377bc18334c78dd2f1535ef22a3ad225","sao jose dos pinhais","PR","South",-49.171162377895314,-25.5624037594301
652,"3785b653b1b82de85ab47dd139938091","ampere","PR","South",-53.474343929608345,-25.919858316718646
653,"37be5a7c751166fbc5f8ccba4119e043","sao paulo","SP","Southeast",-46.598134183130796,-23.612734450685803
654,"37ceb404da208418c9032f0674e57804","sao paulo","SP","Southeast",-46.667495364375995,-23.62310189768391
655,"37dd29b36c458d82f74a953c40c43645","limeira","SP","Southeast",-47.40309520372463,-22.57072148150254
656,"38102b031c2a15e54623d711bfc753d3","mucambo","CE","Northeast",-40.74612755881526,-3.9057269964787786
657,"381c83fdca332ea6afd896da20bf6e4a","curitiba","PR","South",-49.26917337587714,-25.43364816532121
658,"3820c6537b3853be1a0687d5a60807ec","cotia","SP","Southeast",-46.91753331085016,-23.609451894779586
659,"382229d1e840115ffe3dbf5ff460e417","rio de janeiro","RJ","Southeast",-43.543848748962915,-22.87085601200715
660,"385799a1cddbd26dfeb9157356a42282","sao paulo","SP","Southeast",-46.678835544350804,-23.661955443864187
661,"38874e327ce94d11390b96eb42d61928","itaquaquecetuba","SP","Southeast",-46.366720765317105,-23.486111454662215
662,"389e45560e33d2d0747f949dcddbc08e","sao jose dos campos","SP","Southeast",-45.92009307287213,-23.256593496952405
663,"38af8acfd46ac4a7bf754e8ca6736664","sao paulo","SP","Southeast",-46.67081335868613,-23.65022806110628
664,"38e679b9e0064cd94c6f035707344dae","londrina","PR","South",-51.157136422828174,-23.31812709264707
665,"38e6dada03429a47197d5d584d793b41","sao paulo","SP","Southeast",-46.71857329234198,-23.669585083295043
666,"38f276ca6e7cc95a6d1bb55ac9e5550f","marilia","SP","Southeast",-49.925024041830774,-22.239089540413715
667,"3903c788ded8dc03b5ebab37a2f3e9a1","carapicuiba","SP","Southeast",-46.83024045323436,-23.54880596717767
668,"391bbd13b6452244774beff1824006ed","campinas","SP","Southeast",-47.10388889500998,-22.841108341963054
669,"391fc6631aebcf3004804e51b40bcf1e","ibitinga","SP","Southeast",-48.82974353343713,-21.757320637712766
670,"392353362d22cc2c236e1ee81ff19890","blumenau","SC","South",-49.09590143933176,-26.796411407228035
671,"392e0502231ae2f8b29994ef6398cd77","cerqueira cesar","SP","Southeast",-49.16234455805439,-23.034100418770542
672,"392f7f2c797e4dc077e4311bde2ab8ce","rio de janeiro","RN","Northeast",-43.30242672582641,-22.843731406376143
673,"3935fe5fe0f82787a9dcb8deb62be09d","sao paulo","SP","Southeast",-46.75060206710468,-23.67472526324826
674,"3968920b9aa752ab98f7d5888c9252f2","bauru","SP","Southeast",-49.101471360124286,-22.353827052221796
675,"3969863bb8af7f72580b3b1ffd3a17b3","sao paulo","SP","Southeast",-46.506915082203044,-23.53123454241979
676,"397c4d0c005b6f41f90098ac724e28cb","santo andre","SP","Southeast",-46.53032152014561,-23.69739633946055
677,"3985a3c45be355a4c57fde108bfabd1c","rolante","RS","South",-50.572926219838145,-29.649633636465808
678,"3986c0b54f6b748b75e7bd4e092aa3e5","curitiba","PR","South",-49.276854859939675,-25.44361910981019
679,"398cb257329ef7af7f1943a8974a3cbc","salvador","BA","Northeast",-38.48811019919627,-12.988918879886935
680,"39a5005f2605cbdb4f9ac14485cabfd1","barretos","SP","Southeast",-48.57186491314685,-20.556279636011347
681,"39c763cca83e654764b7a4a650fb9b7c","goiania","GO","Central-West",-49.26760960542054,-16.651041561786958
682,"39d54ff918774174706fb065d7f9dc07","sao paulo","SP","Southeast",-46.586376228960596,-23.625807260665148
683,"39d61be7a92eb77b7da367bd4845bc0e","sao paulo","SP","Southeast",-47.61839862005817,-22.73595274251212
684,"39f776d2974049026ff531fc42ef2a3e","goiania","GO","Central-West",-49.27402612240441,-16.71578894009003
685,"3a1a1fec38dd360f15fc912e821e169d","sao paulo","SP","Southeast",-46.642112000093746,-23.49916290388503
686,"3a3c180dd702a725bd0ba4117689239e","uniao da vitoria","PR","South",-51.085925588534444,-26.23055032653291
687,"3a3e46d10f74d8a6ca76e2b538f106a0","sao paulo","SP","Southeast",-46.65918306701666,-23.504422165823108
688,"3a4127e1ba7208ea37044c5092aae170","sao paulo","SP","Southeast",-46.53486170808572,-23.55225668420784
689,"3a490ba60afa30ece0e7d50cfe74a4f0","belo horizonte","MG","Southeast",-44.000745104103494,-19.866057111208963
690,"3a52d63a8f9daf5a28f3626d7eb9bd28","aguas claras df","SP","Southeast",-48.0374552507469,-15.832413589086714
691,"3a734b715d333a2588a3d54a0c9b8746","osasco","SP","Southeast",-46.798388413323494,-23.55655969075499
692,"3a79f35a2344ede41af21267f61d5ec6","campinas","SP","Southeast",-47.05945875329185,-22.93942997754594
693,"3aa3c89ae3cd482385568be76120f63c","goiania","GO","Central-West",-49.302333067347355,-16.73588063754188
694,"3ab971ce71839580d2ae5b4e40fe8044","sao paulo","SP","Southeast",-46.54953091064054,-23.60062679626439
695,"3ac588cd562971392504a9e17130c40b","limeira","SP","Southeast",-47.40309520372463,-22.57072148150254
696,"3ade81dab5a172b88e1871c28ae05260","sao jose do rio preto","SP","Southeast",-49.35334480373747,-20.832044636563626
697,"3afc536624bc2e65bddfb5db33cc01f3","belo horizonte","MG","Southeast",-43.92700122120833,-19.92595313663051
698,"3b15288545f8928d3e65a8f949a28291","ibitinga","SP","Southeast",-48.82974353343713,-21.757320637712766
699,"3b18f9856c6eb2413eafedb58e9eecd9","santo andre","SP","Southeast",-46.516159475210166,-23.640143776337073
700,"3b872fd4747f01cc56206f2934198618","ibitinga","SP","Southeast",-48.82974353343713,-21.757320637712766
701,"3bb32fedaa74e4ad20f4ce067733bd31","porto belo","SC","South",-48.570047043580054,-27.15728166876612
702,"3bb548e3cb7f70f28e3f11ee9dce0e59","maringa","PR","South",-51.907543291308734,-23.413742909500797
703,"3bdff180c7e1f6551a643b99c265a120","sao paulo","SP","Southeast",-46.693254411983155,-23.71041906243067
704,"3be5841cdcc46de4ed3f9116f104b2c5","barueri","SP","Southeast",-46.86347700284117,-23.48367405026139
705,"3be634553519fb6536a03e1358e9fdc7","sao paulo","SP","Southeast",-46.479396724588405,-23.57127586906545
706,"3bfad056cf05c00dabe2f895925d83b1","osasco","SP","Southeast",-46.7778997563302,-23.560420707901514
707,"3bfba5a77604f6dfae7e6dd7aaf65821","londrina","PR","South",-51.14841421334773,-23.347856068970962
708,"3c010235b7345c92f125d14ee232a76b","mandirituba","PR","South",-49.32480184605347,-25.770383610713118
709,"3c03b12bab54d8b37d79d914bfdb1aa0","sao joao de meriti","RJ","Southeast",-43.37689328166564,-22.768601480710736
710,"3c3017960b2dbd72711a61f0400aab8f","jaragua do sul","SC","South",-49.08123612140746,-26.48669076477055
711,"3c487ae8f8d7542beff5788e2e0aea83","gama","DF","Central-West",-48.05071815778448,-16.02294658397918
712,"3c4e0452bff7a2a788179488d3d77032","colombo","PR","South",-49.18419913151328,-25.36747499672607
713,"3c7c4a49ec3c6550809089c6a2ca9370","sao paulo","SP","Southeast",-46.48329854879862,-23.499143398150068
714,"3c88ed2e76a2247933a15daa7161eb1c","cosmopolis","SP","Southeast",-47.17751494510761,-22.633474164982115
715,"3ca08eeb8d5595949fed424bd3677742","curitiba","PR","South",-49.240868724359665,-25.399872090209225
716,"3cfa1358a6caa965278721344c8d76f2","sao bernardo do campo","SP","Southeast",-46.5403376021022,-23.792495614905764
717,"3d01d1c414c44b5943a09619ff3853cb","campinas","SP","Southeast",-47.05945875329185,-22.93942997754594
718,"3d0cd21d41671c46f82cd11176bf7277","joinville","SC","South",-48.87373981375373,-26.287074320291687
719,"3d2400ac620cffa23ac81bd192f7f555","sao bernardo do campo","SP","Southeast",-46.564753092486725,-23.719576291836983
720,"3d2531eccfbde1d7c8db7a3a12fb267a","contagem","MG","Southeast",-43.98962196689193,-19.86477356430017
721,"3d290fe363c60a77498c1126fd3fb8d3","itapevi","SP","Southeast",-46.93866244269709,-23.5427907807433
722,"3d39fbf22a665714baf62fae36029e23","campinas","SP","Southeast",-47.05945875329185,-22.93942997754594
723,"3d3ccf2b2f8134b10dce9dd446f0e075","ibitinga","SP","Southeast",-48.82974353343713,-21.757320637712766
724,"3d4824f20035949c710eaf111f869d39","sorocaba","SP","Southeast",-47.430450592561066,-23.502754626563185
725,"3d49bfdd1b43a7fe169b3740067acc61","montes claros","MG","Southeast",-43.862913638944754,-16.72197610145377
726,"3d4b1ae7539303b5704493798893e82c","sao paulo","SP","Southeast",-46.54086244060937,-23.603832673240486
727,"3d5d0dc7073a299e31fa718ce1bc00b6","rio de janeiro","RJ","Southeast",-43.49176475913367,-22.979900329721083
728,"3d621842b2ed28e2b474132480edac3c","sao paulo","SP","Southeast",-46.440756043913275,-23.515282658322338
729,"3d62f86afa7c73be2628a3be1423f5a0","jacarei","SP","Southeast",-45.97188817895197,-23.302318252316944
730,"3d68c634a99a1ba46dbca3967a69c623","nova trento","SC","South",-48.93077294776365,-27.28299944363184
731,"3d700782d7818f2c1e0d7a9e9d75fc00","sertanopolis","SP","Southeast",-51.03754166817871,-23.05906115091086
732,"3d871de0142ce09b7081e2b9d1733cb1","campo limpo paulista","SP","Southeast",-46.76287513805131,-23.211746332732215
733,"3d8fa2f5b647373c8620330c4e077a9f","sao paulo","SP","Southeast",-46.620642037787285,-23.531856808842985
734,"3da38366e7bd9baf6369071f782ecdf0","fortaleza","CE","Northeast",-38.590270022713696,-3.7238057397365805
735,"3db66a856d18a9cba7c9241fc5221c50","ponte nova","MG","Southeast",-42.898816907456904,-20.41006048815079
736,"3dbbce181edfaa4a597ec858c382d2ec","curitiba","PR","South",-49.229948642263295,-25.395684474976697
737,"3dc69bf2c42f0568a5c4791ec3fd3745","sao paulo","SP","Southeast",-46.672226855718876,-23.466680620069337
738,"3ded4e2d5f135cb103e5949d7263d2dd","pouso alegre","MG","Southeast",-45.93392182723874,-22.23508280072691
739,"3df020b72d3d44b3af9d110fa3940b65","jales","SP","Southeast",-50.55143504638967,-20.280018460507243
740,"3dfd3dc96f7f8598eca74e9ac8a2fa31","sao paulo","SP","Southeast",-46.57097407073219,-23.55933843441267
741,"3e35a8bb43569389d3cebef0ce820f69","sao paulo","SP","Southeast",-46.59096664283233,-23.570996783755195
742,"3e46a38ee171c503c3b4a3f23fe3bf0c","sorocaba","SP","Southeast",-47.469705263932234,-23.50554795017668
743,"3e51f9cbe317bc3a88f2c76583811ee4","sao paulo","SP","Southeast",-46.42678744635806,-23.51748678878717
744,"3e8bd881d92466e63ba9e3e809cd3c50","rio de janeiro","RJ","Southeast",-43.30538425605094,-22.88389467843655
745,"3ea00e1dea2b0659dbaf654735929220","curitiba","PR","South",-49.271257314577674,-25.430044083996442
746,"3ea08c48e851106d2f584349daba335f","barbacena","MG","Southeast",-43.788917281738115,-21.225722260767267
747,"3ef37b7ca6dd2b80bd8af81a62504996","sao paulo","SP","Southeast",-46.68887938403563,-23.57499644597807
748,"3f0e48d209018b466fcd3bb4ccfeb520","curitiba","PR","South",-49.254297223453136,-25.44821891104932
749,"3f2af2670e104d1bcb54022274daeac5","terra boa","PR","South",-52.44832800271509,-23.77185835065085
750,"3f3486b61f45078d4f31ee5e43d8c5bb","sao paulo","SP","Southeast",-46.61466092986009,-23.525580728336962
751,"3f8034bfc6b8b4135534975d49f04c63","curitiba","PR","South",-49.217558003508486,-25.486783628777115
752,"3f8247d0f772ffa58560e5c682521ad5","joinville","SC","South",-48.84943205286778,-26.331777299276467
753,"3f84fefc07dc159b268d4a77d3e8c425","fazenda rio grande","PR","South",-49.32255004688335,-25.644117085766595
754,"3f995f07c49d0d55a99d5c54957f7d81","itapecerica da serra","SP","Southeast",-46.85549014198165,-23.690827005152517
755,"3f9be91358837bff69df67edfa3e42e8","londrina","PR","South",-51.14179623490433,-23.320821130920258
756,"3f9c56764fabca627406093dcb3ef0b4","rio de janeiro","RJ","Southeast",-43.33359407042852,-22.935058480174064
757,"3fac58ce0ad699020c7944d53c41329c","sao paulo","SP","Southeast",-46.507307407444394,-23.578171603805533
758,"3fadb4cba4c35bce6a7eaf9872d5623a","caxias do sul","RS","South",-51.20380645097554,-29.162884491621554
759,"3faf68a3b0af94b10bac70d86077be49","holambra","SP","Southeast",-47.052603912237764,-22.633046009436118
760,"3fd1e727ba94cfe122d165e176ce7967","araraquara","SP","Southeast",-48.180222226584,-21.772225708483816
761,"3fe7120d6257285ac6a3ce7cb071ccec","governador valadares","MG","Southeast",-41.94732216443706,-18.885475513209133
762,"3febca52652e7209509ccfe61cbde40e","itaquaquecetuba","SP","Southeast",-46.315741872345264,-23.481237681026695
763,"3fefda3299e6dfaea3466ef346a3571a","curitiba","PR","South",-49.22147656655172,-25.383155096847286
764,"4003520d80d0bad1d5623f7aa3c63cda","rio de janeiro","RJ","Southeast",-43.231846424609124,-22.926258825257296
765,"400f221ab83037c0ea78f1267da9624d","osvaldo cruz","SP","Southeast",-50.879277765103005,-21.795711019289445
766,"402916f742e5c740cc751493d9cf5053","guanhaes","MG","Southeast",-42.93166199720475,-18.775765183946636
767,"403aa86912527d730337ffcb0fb096ab","belo horizonte","MG","Southeast",-43.91958024514323,-19.940114849442473
768,"4049512728d969bec69f84088b012416","belo horizonte","MG","Southeast",-43.92852281029642,-19.946634191819104
769,"404e1ba01358af4cd63f679b2c4d1fa1","juiz de fora","MG","Southeast",-43.35771115457958,-21.799662681171732
770,"40536e7ca18e1bce252828e5876466cc","caieiras","SP","Southeast",-46.71850647800804,-23.390864812133703
771,"406740ee611378a662d274c7d8c43c4a","vitoria","ES","Southeast",-40.29957607459328,-20.30451572984983
772,"406822777a0b9eb5c50e442dd4cd3ec5","tatui","SP","Southeast",-47.83762131131263,-23.04955173261455
773,"4091f77d8c768fc3e81c20761471761d","sao paulo","SP","Southeast",-46.591687772658524,-23.54017186746161
774,"40d54b51e962dbe09cabbcfd33298dee","santo andre","SP","Southeast",-46.527409786403275,-23.62057801188256
775,"40db9e9aa57f7bb151bcda6b0f9bdbb7","recife","PE","Northeast",-34.90021057469489,-8.058867141399071
776,"40ec8ab6cdafbcc4f544da38c67da39a","francisco beltrao","PR","South",-53.0637135521321,-26.044305666376317
777,"411f3b52d857390502ee4e4d5ceabc2d","ribeirao pires","SP","Southeast",-46.412441498836756,-23.711851451612144
778,"4125d9385a25e82d2f72d3a0fd55bc3f","santos","SP","Southeast",-46.34358134349832,-23.965227243543822
779,"412a4720f3e9431b4afa1476a1acddbe","campinas","SP","Southeast",-47.11184149169856,-22.93198016932755
780,"4170f6a9367e6b5d6401d03ce6d54569","brasilia df","DF","Central-West",-48.01102950131482,-15.83101803880186
781,"417a1e6c7321084d2a0ae0d023cfad93","imigrante","RS","South",-51.76658692040368,-29.34523045559362
782,"41958cbd3335433c8740300e8cd600d5","sao paulo","SP","Southeast",-46.69602838486029,-23.52743020828518
783,"41ab63a91b8b264e8c8780368bf1dd5b","belo horizonte","MG","Southeast",-43.980221836123626,-19.841600785453984
784,"41b14765bd56c8ad10971074380f9c0c","santo andre","SP","Southeast",-46.54636839196643,-23.64365536920469
785,"41b39e28db005d9731d9d485a83b4c38","santo andre","SP","Southeast",-46.536900867948354,-23.622287896060012
786,"41b86b552e54e3a7009596125aa8b167","sao paulo","SP","Southeast",-46.64915068951776,-23.48496867423557
787,"41c2bad7229b0c25e6becf179ebf63ff","natal","RN","Northeast",-35.201519792539244,-5.792244362728699
788,"41c9d3997dd3c072c31139dc5bb5761f","araxa","MG","Southeast",-46.92587490743115,-19.605227525304745
789,"41da412d33e8da4f22baf55cb1bde82c","domingos martins","ES","Southeast",-40.70328526895597,-20.35420704341062
790,"41e0fa5761c886a630994a55c12087e7","guaruja","SP","Southeast",-46.197906131526416,-23.943377092119324
791,"4200ddf1967c5e41e48db62bc6d4b5ac","sao bernardo do campo","SP","Southeast",-46.54893965048129,-23.710466484131683
792,"4221a7df464f1fe2955934e30ff3a5a1","bahia","BA","Northeast",-38.22233749886184,-9.40446776734405
793,"422be4cc81a457fdb46f47edeb968ae5","ibitinga","SP","Southeast",-48.82974353343713,-21.757320637712766
794,"427165bf50f8ca07efc7bdc2bfcf1688","americana","SP","Southeast",-47.3372546257877,-22.726194334553114
795,"42b6488f5b8246d9141712abd4b1b693","maringa","PR","South",-51.94819436139048,-23.42880265355717
796,"42b729f859728f5079499127a9c2ef37","sao paulo","SP","Southeast",-46.51558839644084,-23.584880745630908
797,"42bde9fef835393bb8a8849cb6b7f245","brasilia","DF","Central-West",,
798,"42d4b7e70819438f5ada61c965e92d7e","goiania","GO","Central-West",-49.26423168695389,-16.666668525909763
799,"42ef3192a9ff87a22d1867b74b3ee205","santo andre","SP","Southeast",-46.53834444978406,-23.652250899830324
800,"42fa4ee7240e9b8eb4576358ec142ba7","caxias do sul","RS","South",-51.210729335090235,-29.172669488726477
801,"42fb44130ac3134cde8e35cf8ec7df25","pinhalzinho","SP","Southeast",-46.58886710961831,-22.780736129682907
802,"430315b7bb4b6e4b3c978f9dfa9b0558","sao paulo","SP","Southeast",-46.68808147880212,-23.7639730208048
803,"4305fe92735c8a43d154ff6dd2b8d927","coronel fabriciano","MG","Southeast",-42.6286140396501,-19.506713154390688
804,"431050a06a317f2b38168dec3dcd2b46","sao paulo","SP","Southeast",-46.64486948882975,-23.479988957379497
805,"431af27f296bc6519d890aa5a05fdb11","ribeirao preto","SP","Southeast",-47.81529076556559,-21.25454760893622
806,"4324dd16853115efb0fd9d0d131ba6f4","sao jose do rio pardo","SP","Southeast",-46.94775856933444,-21.582987429934295
807,"432c37c9dfba871172ec162e20118b8c","brasilia","DF","Central-West",-47.89330451642299,-15.813194505700217
808,"432c67955c0acd1fd6b0b5d678766a71","sao paulo","SP","Southeast",-46.787488711271834,-23.594555942402376
809,"43402bdf22aa2310e8f99e2f94f78628","ribeirao pires","SP","Southeast",-46.37294106586394,-23.660041518629356
810,"4342d4b2ba6b161468c63a7e7cfce593","rio de janeiro","RJ","Southeast",-43.40471828456726,-23.00061899109575
811,"436bf27f2f18474fc6047702e9f8a866","campinas","SP","Southeast",-47.05723143749277,-22.919581236170703
812,"4371b634e0efc0e22b09b52907d9d469","sao paulo","SP","Southeast",-46.61833692171872,-23.50870254456776
813,"43753b27d77860f1654aa72e251a7878","barro alto","BA","Northeast",-41.90185348124609,-11.769488444842528
814,"4391ea5c5990502176a1dcda44a2373d","porto alegre","RS","South",-51.242610992939916,-30.103114340162893
815,"439a47cc365d6e3bd526812ea9de3c29","mogi das cruzes","SP","Southeast",-46.201138334692274,-23.53567115186183
816,"43a1d4bab73b816e44ef4e4facd9f9b5","maringa","PR","South",-51.91823531933558,-23.43113060537283
817,"43a5d4a57af536fddc96d08be3afdfcb","varginha","MG","Southeast",-45.438245098537486,-21.56544337798536
818,"43b2c864251aa0ce4030c746984e088a","brasilia","DF","Central-West",-48.02467532124973,-15.84000222713674
819,"43f8c9950d11ecd03a0304a49e010da6","carapicuiba","SP","Southeast",-46.81995277003689,-23.572518001957384
820,"44073f8b7e41514de3b7815dd0237f4f","brasilia","DF","Central-West",-47.94636739374684,-15.832786657811647
821,"440dd6ab244315c632130ecfb63827b1","votuporanga","SP","Southeast",-49.985003954240284,-20.416363755330885
822,"443d880f15cbd3572885e1d44bf2c478","marilia","SP","Southeast",-49.9590678258263,-22.203421379801583
823,"4450bd8327d471c4a11a83d1445b1b62","cotia","SP","Southeast",-46.87258800613097,-23.599474877554503
824,"446cc09cdbb130904da114e807dbec40","sao paulo","SP","Southeast",-46.71740709961529,-23.587305819532006
825,"44717f64ec2a457979cf83c429077666","santa rosa","RS","South",-54.392630311174,-28.057902813403306
826,"447d377bdb757058acb569025ee18a93","carazinho","RS","South",-52.79025576343902,-28.29124464593788
827,"44ed138eca6214d572ce1d813fb0049b","canoas","RS","South",-51.17984689341307,-29.916961604484985
828,"44f091b5abab8018f682fce8124b85e5","sao paulo","SP","Southeast",-46.57510493774137,-23.45198742890589
829,"45213867cefbf2cd4c6177e10216a951","araras","SP","Southeast",-47.40075340499848,-22.349908077989383
830,"4559697a8f7e637227c2eeaed843baff","presidente prudente","SP","Southeast",-51.41548624933166,-22.07708974256958
831,"455befea1bb853c75ccbca94cff26e5c","resende","RJ","Southeast",-44.49700600388295,-22.479457551269405
832,"455c5640e8c5bd1b2ee85c0158f85727","luiz alves","SC","South",-48.99619111602232,-26.719065127148426
833,"455f46ef09a9e45667e2981df84b5cc2","sorocaba","SP","Southeast",-47.49980351058786,-23.531731945338546
834,"457fe919b032a3f7dadba6fb92cf7855","paulinia","SP","Southeast",-47.150402273886925,-22.769600179710004
835,"458c6fa920810ce2492da71bc26d9eec","catanduva","SP","Southeast",-49.017168616382435,-21.128944936077048
836,"458d868c9642f55f18f04e951a3fdde6","porto alegre","RS","South",-51.188674531939206,-30.048806233363706
837,"45a3d05fb00435e52a28859dd03703b3","guarulhos","SP","Southeast",-46.38642615987194,-23.40962038329088
838,"45ba18c210d42734ec52c0c1c574e9ee","sao roque","SP","Southeast",-47.134427650462705,-23.531424390734568
839,"45c20d94d9171b0bcfab3c955e47d67b","cordeiropolis","SP","Southeast",-47.459958340316014,-22.481763564480136
840,"45d33f715e24d15a6ccf5c17b3a23e3c","sorocaba","SP","Southeast",-47.430450592561066,-23.502754626563185
841,"461ff5303b6c9c1a4a07f40c5aece516","pinhais","PR","South",-49.19396558589783,-25.437225932288545
842,"466222e777149751370e7e98fb623b0c","rio de janeiro","RJ","Southeast",-43.217723152638634,-22.880476502680082
843,"4677a5437afda5fa7140b927b07be1cc","japira","PR","South",-50.14014250820877,-23.8119965425153
844,"46dc3b2cc0980fb8ec44634e21d2718e","rio de janeiro","RJ","Southeast",-43.18726357297112,-22.93526347623966
845,"46ef1a25845fc051c2998d878354810c","claudio","MG","Southeast",-44.76203405975945,-20.437204870234993
846,"4736e9d642ef4257cd7622516931eb51","piracicaba","SP","Southeast",-47.64546148891775,-22.749481886689015
847,"47648caee88ccfe951fbb27fbf7b4cbe","diadema","SP","Southeast",-46.622739469527986,-23.666661956738846
848,"478bfe564db21eeb44386606aa30b650","pedro leopoldo","MG","Southeast",-44.039892263544594,-19.613117562252103
849,"47efca563408aae19bb7206c2d969ea9","teresina","PI","Northeast",-42.76834387096315,-5.12360945433745
850,"47f55702f598c7c6cc8458b0fbc1c49a","dores de campos","MG","Southeast",-44.023367679359396,-21.109897644968864
851,"48162d548f5b1b11b9d29d1e01f75a61","piracicaba","SP","Southeast",-47.67289783022834,-22.723826526212957
852,"4830e40640734fc1c52cd21127c341d4","sao paulo","SP","Southeast",-46.50884108313165,-23.559131335715932
853,"48328ec9a579151d9cc6a86d4a59336c","canoas","RS","South",-51.188160177251014,-29.916229965544648
854,"483ca627d131e18f988349b1655c0acd","mogi mirim","SP","Southeast",-46.96545705034642,-22.437244497585272
855,"48436dade18ac8b2bce089ec2a041202","volta redonda","SP","Southeast",-44.127492009916175,-22.49695278988367
856,"485452467ff670447e84a8370c3fc898","taio","SC","South",-49.999646980328514,-27.118392469189253
857,"4867209cb29b56b92893d7bde3ce8012","jau","SP","Southeast",-48.54358425082655,-22.275248967022375
858,"4869f7a5dfa277a7dca6462dcf3b52b2","guariba","SP","Southeast",-48.22960077888058,-21.36350170979939
859,"48985c61529077fa4f1e38bcff0f2ed3","porto alegre","RS","South",-51.22769725328026,-30.03058947301783
860,"48b6c3f4c6a93171da04b75313f2130f","osvaldo cruz","SP","Southeast",-50.879277765103005,-21.795711019289445
861,"48bad451945f5227341793478d6353ea","sao paulo","SP","Southeast",-46.64603990221943,-23.54451401110975
862,"48e5ee06fb2dc74df1c711a9b6dfac2a","oliveira","MG","Southeast",-44.82676038665834,-20.698563939792187
863,"48e954b2da4f6a750c844173b347ed40","porto alegre","RS","South",-51.22225389903749,-30.108668249875173
864,"48efc9d94a9834137efd9ea76b065a38","curitiba","PR","South",-49.300033836577406,-25.504914633007544
865,"48fb026ed7455a42f5d3e9390ed5088e","barra mansa","RJ","Southeast",-44.18418378950799,-22.524398274567222
866,"49067458c68f7701fd334ce326accbe0","juiz de fora","MG","Southeast",-43.34883124077252,-21.734493417365503
867,"4917cee8d902e13428c3ec4b1ca6f315","blumenau","SC","South",-49.10210453576227,-26.888954863561988
868,"491a5ada3aa1678414e990262c4bbdc1","sao paulo","SP","Southeast",-46.60119064355825,-23.59277554744454
869,"49383af7ab774e4e8f3000f49c83dc4b","taubate","SP","Southeast",-45.55084735573734,-23.022806049124334
870,"4965a7002cca77301c82d3f91b82e1a9","sorocaba","SP","Southeast",-47.48851312145476,-23.453584506332742
871,"497709c2976a8fa308730a2dec5b0726","diadema","SP","Southeast",-46.608627983513706,-23.706676831947785
872,"4978a02ea9c8be7a9b5480680f40334e","sao paulo","SP","Southeast",-46.44479870320024,-23.53983233291429
873,"499185655c29ecfdbfe776ef7cf875b5","porto alegre","RS","South",-51.17892132567785,-30.016072959902203
874,"4992e76a42cb3aad7a7047e0d3d7e729","sao paulo","SP","Southeast",-46.57228291110507,-23.553659985884053
875,"499ec63c58e51296c9cf57edcfe1c8a8","sao paulo","SP","Southeast",-46.71685166381974,-23.495854832279324
876,"49cdc90518a4f82676b38b3c1aa43ff6","sao paulo","SP","Southeast",-46.620642037787285,-23.531856808842985
877,"49e7217cfe4e427191c378ec626d8737","formiga","MG","Southeast",-45.433058998165116,-20.46253562176836
878,"49f8d2ea7b718d0ce587d34207caf2b4","sao bernardo do campo","SP","Southeast",-46.53776274305947,-23.79008690242335
879,"4a1917ef994878940e1fb03eeb787ad7","brasilia","DF","Central-West",-47.91225009691532,-15.791945278094726
880,"4a1f694197d05fe70026b016a7316b41","pedreira","SP","Southeast",-46.89675369133934,-22.740325486164828
881,"4a23adac87cf538689fa600d976f78b2","sao paulo","SP","Southeast",-46.676760982883046,-23.59312793078756
882,"4a3ca9315b744ce9f8e9374361493884","ibitinga","SP","Southeast",-48.82974353343713,-21.757320637712766
883,"4a3ccda38b2129705f3fb522db62ca31","marilia","SP","Southeast",-49.958519724399004,-22.213865032134276
884,"4a5b36211b1f51bf7eaa5c10a57fa483","sao goncalo","RJ","Southeast",-43.03476520349314,-22.81926169355244
885,"4a82168aaef173cbb6e46ae88728f919","irati","PR","South",-50.650359401955136,-25.474093335032045
886,"4a82c4af97ffc0fb2dc26bfdc03b1842","lagoa da prata","MG","Southeast",-45.53718981360238,-20.02406477242535
887,"4aba391bc3b88717ce08eb11e44937b2","arraial d'ajuda (porto seguro)","BA","Northeast",-39.26274691403601,-16.400187212609055
888,"4aba6a02a788d3ec81c03137144d9a80","canoinhas","SC","South",-50.39172922868352,-26.17842967715642
889,"4b0fdb526525f9890eb145bf1534640e","ibitinga","SP","Southeast",-48.82974353343713,-21.757320637712766
890,"4b1eaadf791bdbbad8c4a35b65236d52","ribeirao preto","SP","Southeast",-47.76782007545161,-21.177709840485363
891,"4b39558c138930b9e5489c93b6df5fe3","aracaju","SE","Northeast",-37.06174404508149,-10.913110813044039
892,"4b5f66b7adcf57f1ecc0d3c07dd6b177","vendas@creditparts.com.br","PR","South",-51.927966489669856,-23.382472093966726
893,"4b90495391ac0bd181a80a459df1e718","bage","RS","South",-54.106450230952476,-31.327267622414176
894,"4b9750c8ad28220fe6702d4ecb7c898f","limeira","SP","Southeast",-47.42206037839754,-22.5559914040597
895,"4b98b0428fc1932cc2514ef9ce2505e6","taboao da serra","SP","Southeast",-46.79742955757189,-23.613029598605625
896,"4ba52dfeba874da5b9ee7b17c7494f04","mogi das cruzes","SP","Southeast",-46.1716514884283,-23.52892823325506
897,"4bc3d93e4a5f88a598d3d8ce4ae510b3","sao paulo","SP","Southeast",-46.68482314602871,-23.613023583846296
898,"4bcec44888b30ba9001234c534716d3f","santo andre","SP","Southeast",-46.527409786403275,-23.62057801188256
899,"4bde6149c15cf7e177b36fa060dd6de8","carazinho","RS","South",-52.79025576343902,-28.29124464593788
900,"4be2e7f96b4fd749d52dff41f80e39dd","rio branco","AC","North",-67.8132844686253,-9.967843044507285
901,"4be6b962d83299498bae2190f95d6566","sao carlos","SP","Southeast",-47.908417441670906,-22.01445177696216
902,"4be9ae93c4fc0f41713d71a4194ee1b3","divinopolis","MG","Southeast",-44.88407963221903,-20.1403596878013
903,"4bf2f4ee540798a61f9636d12cd9cc80","assis","SP","Southeast",-50.40967596560365,-22.657399372321482
904,"4bf658053d453036c70976bccb2c31b2","sao jose do rio preto","SP","Southeast",-49.36232011848669,-20.81800721406711
905,"4bfc7a4a1cf8d4d2121c27422d9e50b5","sao paulo","SP","Southeast",-46.60439300394289,-23.560182683752867
906,"4c03b9dd4c11ee2cb35c96c49efc9420","campo limpo paulista","SP","Southeast",-46.76287513805131,-23.211746332732215
907,"4c18691b6037662be2df78a765d98ab5","sao paulo","SP","Southeast",-46.594607877507244,-23.55574490427214
908,"4c1c7281388a33dd06daac44f9fadbd1","marilia","SP","Southeast",-49.9521952681175,-22.197206766114302
909,"4c2b230173bb36f9b240f2b8ac11786e","sao paulo","SP","Southeast",-46.498673241857716,-23.58493741850381
910,"4c498c7345e89aebad651544829beca0","carapicuiba","SP","Southeast",-46.81995277003689,-23.572518001957384
911,"4c4d546adf3c3868fe19c9ec6e9ffda9","maringa","PR","South",-51.93840508788844,-23.42248646391636
912,"4c60877808f4318ef1107fbeb8f89afa","atibaia","SP","Southeast",-46.552880539877926,-23.114730524308005
913,"4c61e37f664c3c88aff092aa5ac779d7","niteroi","RJ","Southeast",-43.12041784927662,-22.893701145563117
914,"4c8545742faaf58fafd5fd14d25d75cf","fernandopolis","SP","Southeast",-50.24182343876857,-20.286928433684377
915,"4c8b8048e33af2bf94f2eb547746a916","ibitinga","SP","Southeast",-48.82974353343713,-21.757320637712766
916,"4cc43a222a0f94910728b62b97a8c5f8","ribeirao preto","SP","Southeast",-47.82160048649501,-21.214889830150025
917,"4cc4fd4fdd406a85bbdc1f824b731bd7","toledo","PR","South",-53.720451600886705,-24.720782448085927
918,"4ce6e5f6c52515177e18c1c9361d8677","sao bernardo do campo","SP","Southeast",-46.570177102858786,-23.70442740492646
919,"4ce8b55b4bfa4659184e7becc1fba3f2","fazenda rio grande","PR","South",-49.299582691720744,-25.659910431367265
920,"4cf490a58259286ada5ba8525ba9e84a","tabatinga","SP","Southeast",-48.68760090111701,-21.737063142421785
921,"4d0041cdbe51b4617d95c70b19decc74","juiz de fora","MG","Southeast",-43.346231922494134,-21.74696882286947
922,"4d232b78ab7ef10393dc3807d827bc0d","belo horizonte","MG","Southeast",-43.93988998298764,-19.91852703015927
923,"4d600e08ecbe08258c79e536c5a42fee","entre rios do oeste","PR","South",-54.237447997437705,-24.702966464945906
924,"4d6d651bd7684af3fffabd5f08d12e5a","jau","SP","Southeast",-48.54358425082655,-22.275248967022375
925,"4d6fb82c629c7a5028bfd973c07b05e0","belo horizonte","MG","Southeast",-43.972410663201806,-19.825924131198075
926,"4d8809767a5bafe22909c77951fb6b41","embu das artes","SP","Southeast",-46.84902416891697,-23.64878072764483
927,"4d9fea3499bdc22aa4da4e339365f215","sao paulo","SP","Southeast",-46.60113477069717,-23.58616507419856
928,"4da0e408c99d2fdc2126dc9fce518060","cornelio procopio","PR","South",-50.649607832519244,-23.181161077296622
929,"4dab98ca6cd6d3df586203cefd28a042","porto alegre","RS","South",-51.11873514426362,-30.00326017740812
930,"4dbd95a08b31ede5c82d3f861cb1ce1a","curitiba","PR","South",-49.244403876668756,-25.440487711584137
931,"4dc2e811a1760953cb7c6a590b498943","itapui","SP","Southeast",-48.721835002175325,-22.234558579647274
932,"4dc646b9b9e8e411ef48ba000ea3ac6f","valinhos","SP","Southeast",-47.00199555891175,-22.951601887531698
933,"4ddeb3e828550cddc8d45c8bc36ab2d1","sao paulo","SP","Southeast",-46.64310784736644,-23.52237973767103
934,"4de6e4ba574aa9dfdc824bc44dc47fdd","colombo","PR","South",-49.22194220493234,-25.347457401819987
935,"4deebb3199eeafb282ae33229144f94b","sao paulo","SP","Southeast",-46.59045121964735,-23.517448624283094
936,"4e06067cc08b3f41d837768d392c3ee3","betim","MG","Southeast",-44.196037480396015,-19.951799038267147
937,"4e0d109ccfba9a1151c103049880c857","sao joao de meriti","RJ","Southeast",-43.38292984206083,-22.775193331957865
938,"4e17c65a516f69d023a2ae78b84f28d6","suzano","SP","Southeast",-46.31794954369798,-23.540539029037927
939,"4e2627090e6e5b9fabba883a37897683","belo horizonte","MG","Southeast",-43.966790192470356,-19.83390021642568
940,"4e326052e5dbba8adcd512f3450a307e","sao paulo","SP","Southeast",-46.4415119870684,-23.50473849635927
941,"4e42581f08e8cfc7c090f930bac4552a","portoferreira","SP","Southeast",-47.47810175812134,-21.866032425983537
942,"4e480be820e37de1444325ff358c9296","tres coracoes","MG","Southeast",-45.25976867138688,-21.693370826873448
943,"4e5725ba188db8252977a4f0227bd462","ribeirao preto","SP","Southeast",-47.76782007545161,-21.177709840485363
944,"4e6015589b781adaa5ce7f1892d06bb1","guaruja","SP","Southeast",-46.24074680750368,-23.983786906789266
945,"4e7c18b98d84e05cbae3ff0ff03846c2","jaboticabal","SP","Southeast",-48.31790069625639,-21.24564991547182
946,"4e85b538b0dad58852641540686d0e14","sao jose dos campos","SP","Southeast",-45.92009307287213,-23.256593496952405
947,"4e8dacf3d38f281ae26c3e0321d92d88","sao paulo","SP","Southeast",-46.42885774341657,-23.54493260145606
948,"4e922959ae960d389249c378d1c939f5","jacarei","SP","Southeast",-45.97188817895197,-23.302318252316944
949,"4e92348462c75b6c842b994ce84a0ed4","cachoeirinha","RS","South",-51.10745666222594,-29.941081316868793
950,"4ea2f12dbe91deeacd2c1e74f069a6e6","sao paulo","SP","Southeast",-46.619583993019695,-23.483995245797544
951,"4eb61f060e7dcc1d5a80d806c35cc541","sao paulo","SP","Southeast",-46.75359473376876,-23.61220808997537
952,"4ebdc7e6cd6102a022dadc49156d4ea8","sao paulo","SP","Southeast",-46.69175766942485,-23.54207310181364
953,"4eeb99008a0f59d2c7759c59f9a346eb","embu das artes","SP","Southeast",-46.82318450408936,-23.627004949037183
954,"4ef4c39cf3c24f326434cf0b2e48046a","sao paulo","SP","Southeast",-46.665586314214785,-23.532683468084457
955,"4f0d637c1197fd65405ebd755ac9f86b","taboao da serra","SP","Southeast",-46.75281481578943,-23.607689842105263
956,"4f1f1c8666cdb6442f775c4e8caed465","belo horizonte","MG","Southeast",-43.91777905690393,-19.929634471795293
957,"4f40d2ed38d1cc945364a7cd202a82c7","sao paulo","SP","Southeast",-46.614513396023284,-23.478704803069746
958,"4fae87d32467e18eb46e4a76a0a0b9ce","ronda alta","RS","South",-52.806500480230916,-27.78222223380718
959,"4fb41dff7c50136976d1a5cf004a42e2","feira de santana","BA","Northeast",-38.96764393108892,-12.253205687347364
960,"4fe2f67634d00c021aa01f96b6f2d68e","maringa","PR","South",-51.90893073812971,-23.387797682667003
961,"5011f0d93373a4c5753adf58ca77af8d","santos","SP","Southeast",-46.325997442544626,-23.93770164050835
962,"503c1de08ae81a2d86f17951b204db55","sao paulo","SP","Southeast",-46.51858686166485,-23.49993790539783
963,"5058e8c1e82653974541e83690655b4a","itaquaquecetuba","SP","Southeast",-46.37446965996916,-23.445104372262904
964,"5075aaa8404020ae6aa8bf4792099b41","pocos de caldas","MG","Southeast",-46.54939078654482,-21.830410228340412
965,"50770d25768b0486d89be26afca3108f","santo andre","SP","Southeast",-46.50072807238241,-23.641860793712077
966,"508808d438fe2ff972ed13bb8f4a82e2","sao paulo","SP","Southeast",-46.480163698524166,-23.609526043821184
967,"50a7e551a7b3f8d37cd6e32d8bfbe5ea","sao caetano do sul","SP","Southeast",-46.57128157988514,-23.60850634391392
968,"50bf89f1349bc0409a268c3a49678009","jaci","SP","Southeast",-49.571920762950214,-20.88470930883423
969,"50c361bcf670d16f6df4d52de3dff924","sao paulo","SP","Southeast",-46.617937272279974,-23.606343652836532
970,"50c9975695009e5e6473912e83a6d1da","claudio","MG","Southeast",-44.76203405975945,-20.437204870234993
971,"51209b446b2073894bdc0face6c73ffc","vila velha","ES","Southeast",-40.3171892178199,-20.366701930567036
972,"512d298ac2a96d1931b6bd30aa21f61d","rio de janeiro","RJ","Southeast",-43.22111290328188,-22.907426460034817
973,"513a54369b6a8a6602fcb0e129c6d78d","sao bernardo do campo","SP","Southeast",-46.58292897999655,-23.701153113067193
974,"5145090ab595c0d0b8557199f5701fbf","curitiba","PR","South",-49.22385136195064,-25.44579626219405
975,"5151aea44289d6c6b090ee31c2132508","marilia","SP","Southeast",-49.93879801928681,-22.211054243453667
976,"515d781150feed28a6ac091bb0e3cb8c","campo grande","MS","Central-West",-54.649543160399986,-20.477707649463678
977,"5160d23075764e18e07c1f4a87fad743","sao bernardo do campo","SP","Southeast",-46.55408471265638,-23.71560389581899
978,"516e7738bd8f735ac19a010ee5450d8d","rio de janeiro","RJ","Southeast",-43.17688961297632,-22.937297973252853
979,"51702dc2a3e106c76dbff722b5bf0726","conchal","SP","Southeast",-47.1683209783616,-22.338398569332107
980,"5194c22ed1f616ec0c0f33c571542879","santa rita do sapucai","MG","Southeast",-45.70752067761215,-22.247210939506793
981,"519a7aa428f18d125a283cf8c014fdd6","rio do oeste","SC","South",-49.795957223285164,-27.19614273379346
982,"51a04a8a6bdcb23deccc82b0b80742cf","braganca paulista","SP","Southeast",-46.534419315285234,-22.964802783097724
983,"51e0557bc7b86de13e946c60ee91ce39","belo horizonte","MG","Southeast",-43.965577065754054,-19.814336414816918
984,"51e4e89242cbb846c2deff3dc015650e","rio grande","RS","South",-52.156032771961485,-32.079231334862236
985,"51ed72984a04e5dd35c2b27e77179038","sao jose do rio preto","SP","Southeast",-49.372499363338534,-20.789580398110378
986,"51f108f62cb87d61918159902c8f8583","cascavel","PR","South",-53.462644000057004,-24.959184284292274
987,"5206cc4bc2297c833e6061c49bf9c43f","osasco","SP","Southeast",-46.801349792666926,-23.527692837305896
988,"52092ddbd3a58c450a4459bf051b2287","dois corregos","SP","Southeast",-48.3862619792224,-22.368024597233404
989,"520b493b57809f446cb0a233bb3e25c7","santos","SP","Southeast",-46.3377311534732,-23.95460047631286
990,"522620dcb18a6b31cd7bdf73665113a9","cascavel","PR","South",-53.462644000057004,-24.959184284292274
991,"5236605f4d4b0b3e4df85b850393fca0","sao paulo","SP","Southeast",-46.56404586987956,-23.543676442725708
992,"52454f90d4c30c016768db02f88c1a74","campinas","SP","Southeast",-47.029468512231524,-22.87739752537529
993,"52562a9f449c3dc3d53f5f5b9ed74903","parnamirim","RN","Northeast",-35.20824131593824,-5.886563452788081
994,"525e75a6fb1454a2325ab1734bcec221","barueri","SP","Southeast",-46.85105837491413,-23.497077991394548
995,"5275ca25d0358ca73864e0ae41be1320","guarulhos","SP","Southeast",-46.53824148499725,-23.478910049737898
996,"527801b552d0077ffd170872eb49683b","garca","SP","Southeast",-49.658624971976394,-22.211471483564292
997,"52831e5990d0771cb4951d6f12928167","tupa","SP","Southeast",-50.513982294306906,-21.934484546249056
998,"528bcf6680c36dddf07620bd35b33a6f","sao paulo","SP","Southeast",-46.58779032038251,-23.553470005511663
999,"528ce32f560edd11add4169f6a5b65be","sao roque","SP","Southeast",-47.134427650462705,-23.531424390734568
1000,"52956b80ae65fda598f06f6b9943e7a9","maringa","PR","South",-51.91823531933558,-23.43113060537283
1001,"52a50b42accf164f9f019941e5759d9b","monte alegre do sul","SP","Southeast",-46.98287754029339,-22.692948844892886
1002,"52a52b9f656520e99716f5bc40f661c8","sao carlos","SP","Southeast",-47.90246169158984,-22.060051378354114
1003,"52ac6f920b7280e4c6d30dd94de6259b","pinhais","PR","South",-49.17697276075929,-25.446809987466867
1004,"52b53f7061969fe471d119b6195da864","itajai","SP","Southeast",-48.65639411001171,-26.911876880258855
1005,"52bb00821bcdd358a5a5a27e1f6be5a1","osasco","SP","Southeast",-46.77822733184515,-23.500049669431018
1006,"52d76513f0c4d97f3b99570e2c94ee31","novo hamburgo","RS","South",-51.1471929956172,-29.674727503663902
1007,"52f0fe436a347ddad7ed5f9aa4e27eaa","sao paulo","SP","Southeast",-46.645073040129965,-23.524051385464382
1008,"52f6f9f13ba19504c02781132a049e75","curitiba","PR","South",-49.26049870142462,-25.40629819687705
1009,"52f976b17ea7f2f087f56dcc419328f6","california","PR","South",-51.35659668422704,-23.66552323537099
1010,"52f9db5cfb423382a2fa5c9e39303202","echapora","SP","Southeast",-50.20543406742506,-22.4299509636415
1011,"5305693ffae2d3463377b1f6fe67b15a","penapolis","SP","Southeast",-50.07647119060039,-21.42071989648959
1012,"53088c75f948b48a7ece173ac17f0c12","triunfo","RS","South",-51.707384861194306,-29.930632716179648
1013,"530ec6109d11eaaf87999465c6afee01","cascavel","PR","South",-53.49030618847977,-24.944714386631638
1014,"53243585a1d6dc2643021fd1853d8905","lauro de freitas","BA","Northeast",-38.33787462509412,-12.89316674808706
1015,"53336f97ddbe53e2a617d07b17447b95","sao paulo","SP","Southeast",-46.525535956916954,-23.569882479319656
1016,"533d46c1b06970e99f09523a61df4972","itapetininga","SP","Southeast",-48.044869013829825,-23.587565723331036
1017,"5343d0649eca2a983820bfe93fc4d17e","santo andre","SP","Southeast",-46.49443184221042,-23.640563722528213
1018,"534a01cc6df1e034e05c32028a291fa2","jundiai","SP","Southeast",-46.918199852685866,-23.157994972014652
1019,"535bf14f36346c7f59d87cece104d70c","rio de janeiro","RJ","Southeast",-43.28620954651435,-22.90024700400981
1020,"537eb890efff034a88679788b647c564","rio de janeiro","RJ","Southeast",-43.217950335265314,-22.91624456473871
1021,"538caafddff204241cecbf3a02e6b3cf","sao paulo","SP","Southeast",-46.66928871133856,-23.604744084029715
1022,"539ed9e19811677513447759be5eccfc","belo horizonte","MG","Southeast",-43.96882594833149,-19.81951732572616
1023,"53b0300ca793f9834cd69c0678d35ee8","indaiatuba","SP","Southeast",-47.2008612907029,-23.092115290171797
1024,"53d00c40e32aeb924a84ce72b1af869d","ibitinga","SP","Southeast",-48.82974353343713,-21.757320637712766
1025,"53e4c6e0f4312d4d2107a8c9cddf45cd","pedreira","SP","Southeast",-46.89675369133934,-22.740325486164828
1026,"54065e9aef7e9e9c2dc23b7594db021a","rio de janeiro","RJ","Southeast",-43.17715630706045,-22.905686000249105
1027,"5415337f1863452476d42d9f14a16a61","belo horizonte","MG","Southeast",-43.99936639767064,-19.89027761672174
1028,"54219883e72aad869adfb2a54b7bfa0f","sorocaba","SP","Southeast",-47.47060625398323,-23.49138635112907
1029,"542917da124346b47ea1ac79a93ce454","curitiba","PR","South",-49.244508505962024,-25.3859849919381
1030,"5444b12c82f21c923f2639ebc722c1ea","sao pauo","SP","Southeast",-46.607764415391046,-23.509988340079175
1031,"544863df86ed3b78a04e0820d41430ee","serra","ES","Southeast",-40.241697762995486,-20.188079675277496
1032,"54583ab379489add547fe47b628db589","sao bernardo do campo","SP","Southeast",-46.564753092486725,-23.719576291836983
1033,"54965bbe3e4f07ae045b90b0b8541f52","foz do iguacu","PR","South",-54.58482020405323,-25.541844711589423
1034,"54a1852d1b8f10312c55e906355666ee","santa barbara d'oeste","SP","Southeast",-47.376094232222364,-22.757096912776348
1035,"54aa8463e87776b5612f4bdc4bd5d4de","belo horizonte","MG","Southeast",-43.98184650740849,-19.9436148992761
1036,"54c04bdb5ec46762f8f08c7e8f86ed4a","florianopolis","SC","South",-48.50691625507008,-27.600182562331035
1037,"55029529919c0123526150bd26ca8f20","contagem","MG","Southeast",-44.05782869450707,-19.94732845763311
1038,"553a440137d6e0cf776aee0bb83ac9f5","limeira","SP","Southeast",-47.407128587319605,-22.60000425928191
1039,"5563732abe64c3036cb97ad924128dd1","guarulhos","SP","Southeast",-46.50643552039563,-23.452202665497055
1040,"5566627eab3fe93fd6ee08798226101a","sao jose dos pinhais","PR","South",-49.199509926836235,-25.538499348815012
1041,"556a6409838156ea299c9d1f9e2dde43","curitiba","PR","South",-49.332558792176,-25.437196092611362
1042,"557f22c76691849db52d2abccf0015d0","morrinhos","GO","Central-West",-49.11590889021752,-17.733896355961836
1043,"5587130f9850696ed7fafbc91c2cee44","sao paulo","SP","Southeast",-46.638276697926756,-23.63321068793269
1044,"559d56f3b8f0bc2e5a9a62fe2ce2a39f","joinville","SC","South",-48.881817687818064,-26.270742296656483
1045,"55a5b51f93f2b70ea513f5a047b0262a","sao joao del rei","MG","Southeast",-44.25022385765714,-21.123138626069654
1046,"55bb6fe5bebe5012e2d7d9928e1128ff","bauru","SP","Southeast",-49.09506969646532,-22.34076068807875
1047,"55c26bcb609f480eb7868594245febb5","tabatinga","SP","Southeast",-48.68760090111701,-21.737063142421785
1048,"55c96925041a14097b6a7825554f4ad5","sao paulo","SP","Southeast",-46.58386437718145,-23.51196609358015
1049,"55d3daac7c404d59e51c2aa2f4dc5a23","sao paulo","SP","Southeast",-46.568633209704345,-23.49403466917498
1050,"55dedd83e501d8248880557d9073cbfd","rio de janeiro","RJ","Southeast",-43.1926336521948,-22.975419252327086
1051,"55f7a3319d80f7fdf078b8f03e6725fe","osasco","SP","Southeast",-46.78782137212701,-23.566292989796676
1052,"562f8cfc51f265411f487d07e9c40e7f","belo horizonte","MG","Southeast",-43.972640133729,-19.973801098687222
1053,"562fc2f2c2863ab7e79a9e4388a58a14","campinas","SP","Southeast",-47.08244278411783,-22.892057554565948
1054,"5656537e588803a555b8eb41f07a944b","brasilia","DF","Central-West",-48.053400718858086,-15.838225542625707
1055,"5659d77e8d90378e39b960ad5956f64e","taubate","SP","Southeast",-45.54693113414875,-23.003031488837678
1056,"56642bcb79900e777d68e91915cb4267","sao paulo","SP","Southeast",-46.550244505909305,-23.5134974016135
1057,"5670f4db5b62c43d542e1b2d56b0cf7c","sao paulo","SP","Southeast",-46.47633256338808,-23.532071320207503
1058,"56a8b450e802502ba53a9885ee38e29f","sao bernardo do campo","SP","Southeast",-46.570177102858786,-23.70442740492646
1059,"56db5c0782e8f7ddc9343f9576ff6d16","palhoca","SC","South",-48.680545044873234,-27.64689284678193
1060,"56e361f411e38dcef17cdc2a3d99628b","guarulhos","SP","Southeast",-46.517676582553136,-23.46361133214068
1061,"56f413900b5166ab4d730e9ac0b12cb0","sorocaba","SP","Southeast",-47.47145666010211,-23.464204707776585
1062,"570d4583587a5fe2d47c7be89b91ad27","sao paulo","SP","Southeast",-46.57767651534549,-23.489760624425745
1063,"5721089ba9214e80074f27d5a03fc0eb","sao paulo","SP","Southeast",-46.66081341581777,-23.56711189502812
1064,"5733d806668f8712c24b9abaefbfa642","chapeco","SP","Southeast",-52.63207120275463,-27.095439895824768
1065,"5741dc2bf5044c34d0698681c5081bed","sao jose dos campos","SP","Southeast",-45.89850379342179,-23.1417282484105
1066,"575df70bde3f9f2b30bf8d2e9910d725","sao jose do rio preto","SP","Southeast",-49.352930673333994,-20.82161096539281
1067,"577719699805dd125d5b6fdde5943bba","nova petropolis","RS","South",-51.10823005629175,-29.37511773259441
1068,"578460d8319c51dab351cd9db95eadfe","goiania","GO","Central-West",-49.2821053072644,-16.664212849002173
1069,"578fa3a9cb6b6dceab39231ad59cdaca","fortaleza","CE","Northeast",-38.531211615038025,-3.735941631656265
1070,"5795aebfe331fbcd02a2c4b679fb7952","palhoca","SC","South",-48.680545044873234,-27.64689284678193
1071,"579891617139df7d8671d373f0669622","rio de janeiro","RJ","Southeast",-43.18562902375167,-22.905811724167158
1072,"57a834594e1e9e9219603bfec184eadc","santa rosa","RS","South",-54.392630311174,-28.057902813403306
1073,"57c764b4a836300be881e2ff86e449f9","ribeirao preto","SP","Southeast",-47.79487457172354,-21.213809752116315
1074,"57d2ba47f7a3209aa347532ae75c1165","sao bento do sul","SC","South",-49.39522935323785,-26.23982455125158
1075,"57df9869a600bd6b7c405f2a862eccfb","santa rita do sapucai","MG","Southeast",-45.70752067761215,-22.247210939506793
1076,"57e632711dec9ec14ca7546769483e7e","navegantes","SC","South",-48.63491566536206,-26.843431219270787
1077,"57fe6232e67823593374a2281d7a8af8","capivari","SP","Southeast",-47.50572510550505,-22.99748379485895
1078,"582d4f8675b945722eda7c0cb61ba4c7","bertioga","SP","Southeast",-46.080623703430746,-23.81839039683
1079,"585175ec331ea177fa47199e39a6170a","montes claros","MG","Southeast",-43.862913638944754,-16.72197610145377
1080,"586a871d4f1221763fddb6ceefdeb95e","porto alegre","RS","South",-51.19507108394752,-30.0435678695554
1081,"5882820ef11c4c068eea0677a7a879b4","caxias do sul","RS","South",-51.17328050719071,-29.177823685225732
1082,"5882f40daf39bc2a465e0cb453ddc222","sao paulo","SP","Southeast",-46.719338419798156,-23.58845659053837
1083,"58b98ccb79873e04eac4357cacc590d9","campinas","SP","Southeast",-47.04149327512881,-22.934052783934792
1084,"58c851d1a3c7cd3da329eb59453fed44","rio claro","SP","Southeast",-47.57768122006807,-22.39213658183407
1085,"58e4b302b54937e55a678c4d15111da4","colombo","PR","South",-49.22194220493234,-25.347457401819987
1086,"58f1a6197ed863543e0136bdedb3fce2","conselheiro lafaiete","MG","Southeast",-43.80692696277707,-20.6592121235294
1087,"59417c56835dd8e2e72f91f809cd4092","limeira","SP","Southeast",-47.40309520372463,-22.57072148150254
1088,"594f9aaa48e5bf431f011ddc5669b0d5","contagem","MG","Southeast",-44.02943024506619,-19.84757316684865
1089,"5962468f885ea01a1b6a97a218797b0a","curitiba","PR","South",,
1090,"596849622429351f47b32e6cae1055ff","mogi das cruses","SP","Southeast",-46.1955458411618,-23.522840094345344
1091,"5996cddab893a4652a15592fb58ab8db","presidente prudente","SP","Southeast",-51.38636933470504,-22.12273521177679
1092,"59b22a78efb79a4797979612b885db36","uberlandia","MG","Southeast",-48.32946334496326,-18.921397435860243
1093,"59bbc819b99a733f02f0d6b49d1c253d","campinas","SP","Southeast",-47.04149327512881,-22.934052783934792
1094,"59cd88080b93f3c18508673122d26169","praia grande","SP","Southeast",-46.54209119059633,-24.054560652954805
1095,"59cea8e446d3834393058e7e0666b6fb","maringa","PR","South",-51.91823531933558,-23.43113060537283
1096,"59de1d4c8c057c2a53acd4ca66531af2","curitiba","PR","South",-49.254297223453136,-25.44821891104932
1097,"59fb871bf6f4522a87ba567b42dafecf","sao paulo","SP","Southeast",-46.51380633487217,-23.52542876006814
1098,"5a05a16bb50629ee31afab8a6d4c2674","caxias do sul","RS","South",-51.14868438613908,-29.178216467446862
1099,"5a32c398a06c345440bf2a683b017ad3","rio de janeiro","RJ","Southeast",-43.283779066776354,-22.84391441168263
1100,"5a413ade68e8f8d93071a7f52a64cb9e","sao paulo","SP","Southeast",-46.48912230917957,-23.51966506110262
1101,"5a4236931428800e9d9cc04af0987118","sao paulo","SP","Southeast",-46.71388030944217,-23.494252239511642
1102,"5a425cc503b39b262a847fd6212bf53b","londrina","PR","South",-51.157136422828174,-23.31812709264707
1103,"5a6a02f419701fc8c605af71d4fc57a4","americana","SP","Southeast",-47.33699738819053,-22.743739077121926
1104,"5a8e7d5003a1f221f9e1d6e411de7c23","campinas","SP","Southeast",-47.050464266947195,-22.881708557717076
1105,"5a93f3ab0ef4c84ed5e1b5dbf23978bc","monteiro lobato","SP","Southeast",-45.83955023052029,-22.95371488210672
1106,"5a9b3bcab695173c820e53934574ae80","salto","SP","Southeast",-47.29586644694692,-23.20274626766997
1107,"5a9c0859cb00fd8aa4db443837f0a700","treze tilias","SC","South",-51.411579838730134,-26.998521324070392
1108,"5aaa890629f83706d8d9bfecd8377c1c","petropolis","RJ","Southeast",-43.140860384116806,-22.432229262800227
1109,"5ab05b6d86d417796c69ffd6774ec832","assis","SP","Southeast",-50.39542900698363,-22.655662293967406
1110,"5abb8ea023c77787f2c15da891c8d384","joinville","SC","South",-48.79651786743283,-26.28013264016432
1111,"5acd070dd3fe441bbb2ec1f1ede515ee","jundiai","SP","Southeast",-46.86036675853516,-23.215675309327473
1112,"5b07547f10dd980738a1a27f685af669","guarulhos","SP","Southeast",-46.52530159347153,-23.471988393375852
1113,"5b0cc932433fa5184b5b94bfe6bcc256","ibitinga","SP","Southeast",-48.82974353343713,-21.757320637712766
1114,"5b179e9e8cc7ab6fd113a46ca584da81","sao paulo","SP","Southeast",-46.69810963523168,-23.568770707245964
1115,"5b2e94f2c22b39ccc24d34ad0f669672","sao paulo","SP","Southeast",-46.64523045306012,-23.53884249396187
1116,"5b33b527da3c5b969cc99dc435cad09a","paranavai","PR","South",-52.46473186797611,-23.078837903414588
1117,"5b35136197710e16ac5e7b7c2bd4ea85","rio de janeiro","RJ","Southeast",-43.335598837067195,-23.00126761701065
1118,"5b51032eddd242adc84c38acab88f23d","borda da mata","MG","Southeast",-46.17112394057631,-22.262584130235293
1119,"5b581417df4480f632484ba681e53944","florianopolis","SC","South",-48.5162770076532,-27.518376381111757
1120,"5b664594895aefb418afaee6d40a9a23","petropolis","RJ","Southeast",-43.12899883949998,-22.338529289758178
1121,"5b67882648febfb6e1225e6ad7164f6b","umuarama","PR","South",-53.29278370090017,-23.759415570984828
1122,"5b8154610ebb21fb90eb587365e673df","sao jose dos campos","SP","Southeast",-45.908593804889406,-23.21686067703018
1123,"5b85809efd0d0e4dea1a9544e1280ed9","presidente prudente","SP","Southeast",-51.38645500353056,-22.113507353635857
1124,"5b925e1d006e9476d738aa200751b73b","sao paulo","SP","Southeast",-46.68995373230166,-23.613258022164977
1125,"5b92bfa4120daa27c574daa2e386c693","sorocaba","SP","Southeast",-47.483469553604266,-23.47353065420714
1126,"5b97c06a046398e7005b2b7c0d707a92","joao pinheiro","MG","Southeast",-46.16588731423496,-17.73200537036009
1127,"5bba18b40e8c973b0f32e748004775b0","itajobi","SP","Southeast",-49.05541730507598,-21.314997747152887
1128,"5bc237df65098fe211bb4818f4d26d78","uberlandia","MG","Southeast",-48.23791059400363,-18.954174871944247
1129,"5bc24d989e71e93c33e50a7782431b0e","campo do meio","MG","Southeast",-45.829834338383606,-21.1094994554569
1130,"5bc55dbe2f12b6af6d83ed46023e0dc8","coronel fabriciano","MG","Southeast",-42.6286140396501,-19.506713154390688
1131,"5bf397d04035b5f45cc41e82ec106803","sao paulo","SP","Southeast",-46.63889260470893,-23.619119647963508
1132,"5bffbafbb22daf6d3bfc216a46db8708","nilopolis","RJ","Southeast",-43.42307905240662,-22.805706631753825
1133,"5c030029b5916fed0986310385ec9009","sao jose","SC","South",-48.579890126623155,-27.585486027486755
1134,"5c243662ce92d84573bfaff24c3e3700","sao paulo","SP","Southeast",-46.54737185794935,-23.515977900238095
1135,"5c3460cd3e8a984382ae254e7dd20d9f","sao jose do rio preto","SP","Southeast",-49.38807095699605,-20.83620882180298
1136,"5c603ffb38cbbf25a0e0698941324143","varginha","MG","Southeast",-45.43181837493425,-21.560540707693438
1137,"5c6d4016c2a288f074fa0848a2b653d2","sao paulo","SP","Southeast",-46.641582935722816,-23.540695255566053
1138,"5c853bb56f70f4d14218944bae111d7a","cotia","SP","Southeast",-46.8766338169434,-23.61014126737445
1139,"5ca5d579b5857ee8709479b1047cecc3","sao paulo","SP","Southeast",-46.60361073479806,-23.635144115082102
1140,"5cbbd5a299cab112b7bf23862255e43e","pinhais","PR","South",-49.18911084076794,-25.425234868690325
1141,"5cf13accae3222c70a9cac40818ae839","patos de minas","MG","Southeast",-46.518679370987826,-18.595141030878892
1142,"5cf1ec37aea089f45110c70653a166ab","sao paulo","SP","Southeast",-46.58336932471798,-23.490758745356786
1143,"5d0363b33554b373851fc1622e4d5f3c","atibaia","SP","Southeast",-46.611654225087754,-23.08992524585618
1144,"5d043cd5512d4bd2f88e5ccdd5736c38","sao paulo","SP","Southeast",-46.673788540796025,-23.50813343364587
1145,"5d378b73ab7dd6f0418d743e5dcb0bd1","sao paulo","SP","Southeast",-46.63188421270581,-23.539657127270956
1146,"5d3bb11474a06bdc23fb9e89f1164ee0","assis","SP","Southeast",-50.435818033107424,-22.663902111270872
1147,"5d505d2298ad549e4e4e835562fa0c1e","birigui","SP","Southeast",-50.3432673557328,-21.294953796324283
1148,"5d76d80a2f5f39c891b996a1bf4c9853","sao paulo","SP","Southeast",-46.73950894543502,-23.62664824502481
1149,"5d9dc90a686a8fddacffab6bab5653a3","santana de parnaiba","SP","Southeast",-46.91529507169106,-23.461573403635924
1150,"5d9f3746e112e696f98ea22c56b3e912","sao paulo","SP","Southeast",-46.59043468474226,-23.55070297176536
1151,"5db42a6cd9bf1bf0d3aab9582767f168","vitoria","ES","Southeast",-40.332921888602876,-20.320038528527196
1152,"5dc203c7b84a0e71e878a179de05fb9a","pompeia","SP","Southeast",-50.17893613850752,-22.10367343012363
1153,"5dc4bdaf869e8c77c648078cbe8d59c2","florianopolis","SC","South",-48.509176607977736,-27.591141018267376
1154,"5dceca129747e92ff8ef7a997dc4f8ca","santa barbara d┬┤oeste","SP","Southeast",-47.41705497247527,-22.757882920125365
1155,"5de1c80811ce7007f62f00d971236c09","florianopolis","SC","South",-48.490773516662365,-27.68168782191655
1156,"5debea795b07621e1f90532e18f96145","apucarana","PR","South",-51.46575603144135,-23.55447708066191
1157,"5def4c3732941a971cba8fdee992ede1","sao paulo","SP","Southeast",-46.589226620340014,-23.51772049568225
1158,"5e063e85d44b0f5c3e6ec3131103a57e","sao paulo","SP","Southeast",-46.72688707248167,-23.530561572873726
1159,"5e105f5c9f63f5f1fd75d6cb942e55b1","sao jose do rio preto","SP","Southeast",-49.35334480373747,-20.832044636563626
1160,"5e106d93b717c2682b9383da480364a1","santa terezinha de itaipu","PR","South",-54.402764727764094,-25.44286211774669
1161,"5e25c632f9db6cfb8bc100421c2737b6","chapeco","SC","South",-52.61009712967408,-27.099447738368898
1162,"5e49e3a44bdeb5aab2684258bbd4f525","balenario camboriu","SC","South",-48.632151504897195,-26.992704286772575
1163,"5e9f5bd34e0830569f05c9d4f56e04a8","porto alegre","RS","South",-51.20070597746483,-30.020688672514332
1164,"5ee7fd217d08dfe5d3e2f51f96a12c9a","vargem grande do sul","SP","Southeast",-46.89918572591988,-21.83491864103435
1165,"5eeb9c756d9780b96283e5a2ac6da334","ribeirao preto","SP","Southeast",-47.8085976482549,-21.17953956854023
1166,"5ef131ac72773e5b3f6c0d63cf424657","ribeirao preto","SP","Southeast",-47.79106291848944,-21.140244843952534
1167,"5f0057b677eb963672bf05dfa3f16c34","sao paulo","SP","Southeast",-46.658452189500665,-23.55549308001593
1168,"5f06030071324cc52bf0304014ac7234","marilia","SP","Southeast",-49.926333650430514,-22.18558668174831
1169,"5f1dc28029d2c244352a68107ec2b542","sao paulo","SP","Southeast",-46.74114214363804,-23.50212556913061
1170,"5f2684dab12e59f83bef73ae57724e45","sao paulo","SP","Southeast",-46.73872785910907,-23.502723037382403
1171,"5f26c1408a65b42a7224cd463bdf3292","arapongas","PR","South",-51.433661455899596,-23.424820380972886
1172,"5f3ae9136c875522250f8184f253413a","sao paulo","SP","Southeast",-46.61615054561147,-23.573056606592885
1173,"5f57db27027655e6c6a391601daa0258","viana","ES","Southeast",-40.416448541581005,-20.370296473620964
1174,"5f5a58930c3c35f3b5af264f34fb8c85","ribeirao preto","SP","Southeast",-47.802366376021745,-21.201064692224886
1175,"5f5b43b2bffa8656e4bc6efeb13cc649","sao paulo","SP","Southeast",-46.720250374391554,-23.788360491870268
1176,"5f67c6082caacb26e431a7b17940cece","maringa","PR","South",-51.9551937045819,-23.387644893671027
1177,"5f7300535881cef3b625fd683cf7d145","canoas","RS","South",-51.17176531770829,-29.917004803844414
1178,"5fd924b4836098a5be0ecf81ba054ce0","sao paulo","SP","Southeast",-46.5065203579325,-23.538048801793135
1179,"602044f2c16190c2c6e45eb35c2e21cb","ibitinga","SP","Southeast",-48.82974353343713,-21.757320637712766
1180,"6025c79c035c3d772133b8b8238463b2","pinhais/pr","PR","South",-49.16037645511273,-25.398094931342868
1181,"6039e27294dc75811c0d8a39069f52c0","osasco","SP","Southeast",-46.80913962478847,-23.553557038889775
1182,"60562ab00b8054280520d390c8c0045c","sao paulo","SP","Southeast",-46.69469317014638,-23.716916214057584
1183,"6061155addc1e54b4cfb51c1c2a32ad8","campinas","SP","Southeast",-47.04149327512881,-22.934052783934792
1184,"606ce7768feac12c5e8bd58db8b08f0f","campinas","SP","Southeast",-47.087192956804046,-22.823420763935182
1185,"609e1a9a6c2539919b8205cf7c4e6ff0","brusque","SC","South",-48.95791797799666,-27.14779223406619
1186,"60ad151920c4f6f3ebbe8cfdf6166779","carapicuiba","SP","Southeast",-46.833395988872084,-23.53007582373447
1187,"60da8bfa7eebe230b7d66ac4082d79b3","fernando prestes","SP","Southeast",-48.686678524301236,-21.267134804144067
1188,"610f72e407cdd7caaa2f8167b0163fd8","sao paulo","SP","Southeast",-46.6495393904693,-23.536082809674177
1189,"612170e34b97004b3ba37eae81836b4c","novo hamburgo","RS","South",-51.09298402937748,-29.68433084309637
1190,"612a743d294c27884fb7b80d2b19ba35","curitiba","PR","South",-49.284894008186754,-25.458880971712073
1191,"615005a3ef192c00c6f0e977cee3d2bc","itu","SP","Southeast",-47.277009124238575,-23.27522488448188
1192,"615c3462099ffa940d37b17dfda19594","rio de janeiro","RJ","Southeast",-42.91565441771825,-22.773459679480897
1193,"6179a28a13a726c29b3bf54c070dccab","varginha","MG","Southeast",-45.417846582240806,-21.570497333928866
1194,"6187a137b2af59dfdbad8d9f8c373c14","osasco","SP","Southeast",-46.77822733184515,-23.500049669431018
1195,"61b18775be84fb700a6b2d0ba097bf66","araraquara","SP","Southeast",-48.14485939614039,-21.82152967191702
1196,"61b893c57e33626afb104d4112b1be76","divisa nova","MG","Southeast",-46.19579114246483,-21.509980632593987
1197,"61c36f0fc4a47f9532e5512b66668e62","guarulhos","SP","Southeast",-46.551735018160805,-23.484976507403093
1198,"61f159ef6da2d441951d2c0efa719362","serra","ES","Southeast",-40.27203665640387,-20.23621549257029
1199,"620c87c171fb2a6dd6e8bb4dec959fc6","petropolis","RJ","Southeast",-43.20123507158808,-22.54079651100627
1200,"6219ba2359cfb97f2e38fd4c321eb309","sao paulo","SP","Southeast",-46.595538854316054,-23.519097465042975
1201,"6235903333ba7de1928c869e268e5964","treze tilias","SC","South",-51.411579838730134,-26.998521324070392
1202,"623ad9d0c1e14bb5464a8c72bff7b4af","claudio","MG","Southeast",-44.76203405975945,-20.437204870234993
1203,"624f4ece8da4aafb77699233d480f8ef","sao paulo","SP","Southeast",-46.73414273203397,-23.484769700217907
1204,"626ab1cd96932367f0eeec2e47046c12","sao paulo","SP","Southeast",-46.69735447980676,-23.531259230328423
1205,"62760d278921b5f352461620d68a9cee","salto","SP","Southeast",-47.29586644694692,-23.20274626766997
1206,"6288c69c4ce638e59925e59193f98b16","santo andre","SP","Southeast",-46.525087642099905,-23.659483201758057
1207,"62c50c1af4dfdc4149d25c5222043d39","sao paulo","SP","Southeast",-46.703810106207634,-23.691013046281817
1208,"62d977e2b2aee830de3e039a28490d12","curitiba","PR","South",-49.279218853975614,-25.431322500860052
1209,"62de60d81c55c29d76a6bce418b31cef","ibitinga","SP","Southeast",-48.82974353343713,-21.757320637712766
1210,"630008e0f062605a415d694489f6f82e","sao paulo","SP","Southeast",-46.63188421270581,-23.539657127270956
1211,"63191ead8d3b2f937cd1996fdcbbad20","jundiai","SP","Southeast",-46.9741566217698,-23.17639710613478
1212,"63272377184e969942f7fff221be858d","sao paulo","SP","Southeast",-46.551191324293775,-23.57034218772486
1213,"6338ea67c41078a46ad99cc009654956","farroupilha","RS","South",-51.32578918258865,-29.40523713119915
1214,"633ecdf879b94b5337cca303328e4a25","sao paulo","SP","Southeast",-46.66989690432334,-23.67656984888084
1215,"634964b17796e64304cadf1ad3050fb7","rio de janeiro","RJ","Southeast",-43.46923216795061,-22.86836381426364
1216,"63704069d9bd3a75c1cf59babe56004a","jundiai","SP","Southeast",-46.9741566217698,-23.17639710613478
1217,"638cba8be1fb599bbb76fd6948351eb3","sao jose dos campos","SP","Southeast",-45.90668585444045,-23.20172512827406
1218,"63a79f5a7eb5cb48a7e5787b141c7993","patos de minas","MG","Southeast",-46.52598592302644,-18.57640750971048
1219,"63b464dbf392c7b80d12d932fa7cafed","sao paulo","SP","Southeast",-46.62414421625581,-23.504072876495652
1220,"63b9ae557efed31d1f7687917d248a8d","sao jose do rio pardo","SP","Southeast",-46.94775856933444,-21.582987429934295
1221,"63bc58679c44e8a998792119fd7ad23e","sao paulo","SP","Southeast",-46.74276227935013,-23.58041058673469
1222,"63ffcb71394dd8ea3872ed9ffda17c74","itaborai","RJ","Southeast",-42.888835530246105,-22.754117583287925
1223,"640e21a7d01df7614a3b4923e990d40c","ibitinga","SP","Southeast",-48.82974353343713,-21.757320637712766
1224,"6426d21aca402a131fc0a5d0960a3c90","ribeirao preto","SP","Southeast",-47.787901312704996,-21.190127996903524
1225,"643214e62b870443ccbe55ab29a4dccf","sao paulo","SP","Southeast",-46.57978572229729,-23.498613267408857
1226,"643c01d7c56a724bec0454f4780e8a3e","joinville","SC","South",-48.84491848211984,-26.267823839408237
1227,"6481e96574816ead57975da2c0f6d80d","sorocaba","SP","Southeast",-47.50917936639681,-23.433547523156022
1228,"64b87978a11c1ea7501a89eabe8c2c1a","presidente bernardes","SP","Southeast",-51.55634360153441,-22.008508143870543
1229,"64c9a1db4e73e19aaafd3286dc448c96","curitiba","PR","South",-49.240868724359665,-25.399872090209225
1230,"64cc804291f90c81f02bfc2bb58ff55a","curitiba","PR","South",-49.344495492266645,-25.480181998926025
1231,"651530bf5c607240ccdd89a30c9c9712","ipira","BA","Northeast",-39.74046054005801,-12.154533930203856
1232,"651fe66032c9520ee5587f694908040d","alvorada","RS","South",-51.07951429592408,-30.006489300919636
1233,"6524b847b982cd56bb5d4b02b776ee42","campinas","SP","Southeast",-47.050498239853944,-22.94626727954732
1234,"6548c2550b6e2d8f18053216e1c7b6f3","diadema","SP","Southeast",-46.623333307785806,-23.68166159783415
1235,"655220df33262c7e0c4949a147366f94","diadema","SP","Southeast",-46.590933120828765,-23.689006218373418
1236,"6560211a19b47992c3666cc44a7e94c0","sao paulo","SP","Southeast",-46.75575337195744,-23.652366177840182
1237,"6561d6bf844e464b4019442692b40e02","franco da rocha","SP","Southeast",-46.71593725251928,-23.329127586361675
1238,"6562efe88ce0826a4ca4f189f03b4b84","maringa","PR","South",-51.9274915819165,-23.441740759137385
1239,"656591be56071d4c9ef4e5fee78a578a","santo andre","SP","Southeast",-46.523184416465625,-23.693393193642322
1240,"6576fd3e23c88f0e5d4d23f39bba0542","taboao da serra","SP","Southeast",-46.77825033395158,-23.627685594073668
1241,"657969cca82e884d272385ec0ef06edd","estancia velha","RS","South",-50.46414800112313,-28.771317519978446
1242,"659e8466eb3ff1b0e8740d74fb7bbedd","eunapolis","BA","Northeast",-39.58755141159429,-16.375216038691978
1243,"65a7c0788e4d632ccb5e1b594b87f0bb","sao paulo","SP","Southeast",-46.766853457232756,-23.65129393801703
1244,"65b081a070633e057c462abdd6fb9dd8","morrinhos","GO","Central-West",-49.11590889021752,-17.733896355961836
1245,"65c255b299faf2d12050937cc219c46c","sao paulo","SP","Southeast",-46.58699381920908,-23.538432671918386
1246,"65febd49fd28ec955651299159b1f527","sao paulo","SP","Southeast",-46.541397033409794,-23.583987138697704
1247,"6601ee6383e7f452be71929f8de48bbb","ribeirao pretp","SP","Southeast",-47.83104529239534,-21.22353354371324
1248,"6614814a00d344b846ae209f95ee7e3f","macatuba","SP","Southeast",-48.71694212220495,-22.514093447641557
1249,"661ad5fcc28cdfb8bcadb12bb2272475","balneario camboriu","SC","South",-48.632151504897195,-26.992704286772575
1250,"6624bc09786f0e41ae48dfc5eeb1a9e2","belo horizonte","MG","Southeast",-43.966360063886334,-19.992761502660354
1251,"6650fcccd8cd2f7e55ffa524f30c4c59","sao paulo","SP","Southeast",-46.41539587519137,-23.573100861060333
1252,"666658b8da8370f30e1f89893b1de5e6","sao paulo","SP","Southeast",-46.50066365277143,-23.528139936982033
1253,"668bf321538e5072858eaef6087ce027","pinhais","PR","South",-49.19396558589783,-25.437225932288545
1254,"66922902710d126a0e7d26b0e3805106","belo horizonte","MG","Southeast",-43.92405254267353,-19.83768155726055
1255,"669ae81880e08f269a64487cfb287169","rio do sul","SC","South",-49.637725417940416,-27.214586575753962
1256,"66d5ae34537110d3affc56174dad2b2f","sao jose do rio preto","SP","Southeast",-49.33893871886975,-20.830406393224525
1257,"66dc1b1632bd6a3e508510c5b3492107","jau","SP","Southeast",-48.53505780924213,-22.285564358190715
1258,"66e0557ecc2b4dbea057e93f215f68d8","sao paulo","SP","Southeast",-46.71207372527154,-23.68158689041081
1259,"66fd84ee7528c0c0de85d0f44a73d5ab","campina das missoes","RS","South",-54.840999985429846,-27.986799762328445
1260,"670a9dda115b5a88b18cfadee8de2332","ribeirao preto","SP","Southeast",-47.7779524735565,-21.20131082333705
1261,"670c26e0f1bf8d0576271d5cfaec6d2b","maringa","PR","South",-51.927966489669856,-23.382472093966726
1262,"671585f5a2af58b6e276bc01003c0d2b","curitiba","PR","South",-49.27871218867798,-25.421977539487486
1263,"67225bff54a172ff67579aaf583efd78","marechal candido rondon","PA","North",-54.058524957866744,-24.55452501789851
1264,"674207551483fec113276b67b0d871ff","sorocaba","SP","Southeast",-47.469705263932234,-23.50554795017668
1265,"6750d71153f00fc58829af2a8ef1bcf1","rio bonito","RJ","Southeast",-42.63004113951235,-22.711927870432568
1266,"67883baaae6134ee81b271a542613728","sao paulo","SP","Southeast",-46.65602130430725,-23.56165294846951
1267,"679769a98cfcc6da877c8486ff1c13f3","ipatinga","MG","Southeast",-42.563894781305024,-19.46878672545066
1268,"67bf6941ba2f1fa1d02c375766bc3e53","curitiba","PR","South",-49.344437579806964,-25.394747235498826
1269,"67e43d802fde8cfd3f9580124f8167d1","guarulhos","SP","Southeast",-46.55243585387708,-23.459959958003186
1270,"6806dad1da97bfb5a9038eac6881f706","guaratuba","PR","South",-48.58448614692999,-25.887866961664873
1271,"681fce914360217db47784ae28905a96","araucaria","PR","South",-49.37234951517323,-25.612764068813902
1272,"6824a69c9ea0313eba299dd4a2dba09a","formiga","MG","Southeast",-45.433058998165116,-20.46253562176836
1273,"685b870da5b52a710782c9c0fefbeb5b","sao bernardo do campo","SP","Southeast",-46.55520335320268,-23.74089677212715
1274,"6860153b69cc696d5dcfe1cdaaafcf62","capivari","SP","Southeast",-47.50572510550505,-22.99748379485895
1275,"6861de0f40cacb0602e473c51639f980","curitiba","PR","South",-49.281917193320346,-25.437577798221536
1276,"686886775c8f6b1191c7b953fb52708c","pedreira","SP","Southeast",-46.89675369133934,-22.740325486164828
1277,"6879c4d287a8dd06b11f54ea8f78e4da","osasco","SP","Southeast",-46.81309221592292,-23.533257619282658
1278,"688756f717c462a206ad854c5027a64a","guarulhos","SP","Southeast",-46.53993397498515,-23.453323968574633
1279,"68ca56ce86830f3d31b1b7ec6a54da3e","guaratuba","PR","South",-48.58448614692999,-25.887866961664873
1280,"68f86ba270525243e68ae74044f992b9","rio de janeiro","RJ","Southeast",-43.24885668973887,-22.8338340042933
1281,"6902157ee16728322d61a1321fa79e58","sao paulo","SP","Southeast",-46.63188421270581,-23.539657127270956
1282,"693660429f9dc4ff704eb3d88dad54d7","santo andre","SP","Southeast",-46.508888110317464,-23.70854496548124
1283,"695051e2981c8b19e77cafe450d5bdf3","osasco","SP","Southeast",-46.77506800791146,-23.484456379259615
1284,"6973a06f484aacf400ece213dbf3d946","sao jose dos campos","SP","Southeast",-45.88784285021326,-23.224503345848696
1285,"698624c6632eeba1774924dbea24c700","sao paulo","SP","Southeast",-46.65924739236763,-23.572898532495433
1286,"6989574bd97d9773f10d232b6c07da59","curitiba","PR","South",-49.248773418631316,-25.418049427772548
1287,"698f5fa55a5f73d0740e9d9a773e8093","rio de janeiro","RJ","Southeast",-43.30538425605094,-22.88389467843655
1288,"69a43819c758c65a5befb0b471c954d7","apucarana","PR","South",-51.467625476839174,-23.56946519015285
1289,"69b5eaa096c3f9d1e5c398c597f567d6","birigui","SP","Southeast",-50.3432673557328,-21.294953796324283
1290,"6a0cbc8af2e8abd1bdfb777943d174c6","batatais","SP","Southeast",-47.574216767527176,-20.916468353698388
1291,"6a3139c7bf09ece22a4713d956acbe5e","sao sebastiao da grama/sp","SP","Southeast",-46.82083536657487,-21.710870954893338
1292,"6a38087bc8ad4f89ff453561005f6dea","anapolis","GO","Central-West",-48.95546714694175,-16.349355193273038
1293,"6a51fc556dab5f766ced6fbc860bc613","marilia","SP","Southeast",-49.95022135910161,-22.21807153723717
1294,"6a53b90c3ad9e0b56d9fe5c69165fff5","curitiba","PR","South",-49.26840872617114,-25.366232816434117
1295,"6a8a889bde935bafa76d7848782dfaf9","sao paulo","SP","Southeast",-46.68293028819837,-23.477470570323415
1296,"6a8b085f816a1f75f92dbac6eb545f8f","bebedouro","SP","Southeast",-48.49059077246633,-20.924599508487425
1297,"6aa3928696eab49a19a466e665a649fd","nova iguacu","RJ","Southeast",-43.45743479740957,-22.74926103464563
1298,"6b15924333bd1a741595fe981ea04822","sao caetano do sul","SP","Southeast",-46.56414467348053,-23.62020569014463
1299,"6b1c4d4d9ccf0be3d8544eb0e71e5318","porto alegre","RS","South",-51.13114718861932,-30.004352940251767
1300,"6b243f80ed07b10f0e8aa0f21a205f3c","curitiba","PR","South",-49.27549000055634,-25.52842354569411
1301,"6b2612338467c08c9b25f0cc55b1578d","marialva","PR","South",-51.799909104330034,-23.483924340352385
1302,"6b333a05bf188ef3e1f1662a86bd9855","brasilia","DF","Central-West",-48.05886812552991,-15.867324605965779
1303,"6b3bd31ad8fcda4b2635ec9f3ff2ecdf","rio de janeiro","RJ","Southeast",-43.383065237968154,-22.969148201152674
1304,"6b536a23086fba0d58c08d68814397f6","niteroi","RJ","Southeast",-43.028055208043234,-22.949230362397255
1305,"6b803197e03abd5056b4313306b4f29d","sao paulo","SP","Southeast",-46.63658239267473,-23.5291645437106
1306,"6b89abe95848c850399130d149a39b63","piracanjuba","GO","Central-West",-49.026368790889975,-17.303499065835187
1307,"6b90f847357d8981edd79a1eb1bf0acb","guarulhos","SP","Southeast",-46.47090013741649,-23.405071357071822
1308,"6b9b80d53ba3676eafe60268a810b5a1","belo horizonte","SP","Southeast",-43.93150497890123,-19.878923245107323
1309,"6ba4733aa33f6386e9fb0c0fd3993b38","torres","RS","South",-49.74491959115232,-29.341142468184568
1310,"6bb0724edf0b62fb91ac404873a97241","cotia","SP","Southeast",-46.93280761412864,-23.609499932228204
1311,"6bb62a4912377c7bfe7cb17b406bc7e6","jundiai","SP","Southeast",-46.886715164164926,-23.169668058717317
1312,"6bb66d9870c2e01c05655c7ed0e7ee13","sao paulo","SP","Southeast",-46.63379474748059,-23.58560674998556
1313,"6bbcb8924baf70b7fe2fe2097e8cd407","blumenau","SC","South",-49.10210453576227,-26.888954863561988
1314,"6bcb2352a2a0c38b845f598298ab9d26","maringa","PR","South",-51.91823531933558,-23.43113060537283
1315,"6bd503a8230299c9316fb0f726933927","morrinhos","GO","Central-West",-49.11590889021752,-17.733896355961836
1316,"6bd69102ab48df500790a8cecfc285c2","sao paulo","SP","Southeast",-46.615973950732865,-23.621390480559302
1317,"6bef34c5be6f2bbd70aa5165f6df94b1","timbo","SC","South",-49.27037623408743,-26.82760329690557
1318,"6c12e40690c335dbc2f68a4134d30dc1","castro","PR","South",-50.00061681236041,-24.806893427540267
1319,"6c177e38df6d3f34182b1f1d427231bf","curitiba","PR","South",-49.28531986744621,-25.430144074286265
1320,"6c17baf138731a4aaacc3210adf2037b","franca","SP","Southeast",-47.401380546896085,-20.538924680582515
1321,"6c1b6d0c604b776f844125f911eb7377","sao paulo","SP","Southeast",-46.69602838486029,-23.52743020828518
1322,"6c6cc59a5c00cacc5054ca06d65cc282","santa maria","RS","South",-53.73268020253615,-29.699988549664248
1323,"6c6e3d67f969468f3bfd33f827a31222","maringa","PR","South",-51.90893073812971,-23.387797682667003
1324,"6c77cd583b36a13aacccf2b3ee23e233","marilia","SP","Southeast",-49.96832318210501,-22.201858399386726
1325,"6c7d50c24b3ccd2fd83b44d8bb34e073","presidente prudente","SP","Southeast",-51.40735633783322,-22.100315101836674
1326,"6c9875b2f94ba781186f0c1aed8d1687","brotas","SP","Southeast",-48.12510155957026,-22.282154968038324
1327,"6c99c983ce3b6ba0ab813e6790e81691","uberlandia","MG","Southeast",-48.27821224449982,-18.913247873843893
1328,"6cd68b3ed6d59aaa9fece558ad360c0a","belo horizonte","MG","Southeast",-43.95094395435073,-19.86949505446246
1329,"6cf476a4ca74498db55cbccdaa9dcfb6","sao paulo","SP","Southeast",-46.68240622317644,-23.457069438287945
1330,"6d04126aba80df143fd038e711b8fd96","rio de janeiro","RJ","Southeast",-43.17827587439504,-22.900151286264805
1331,"6d1b9c9579132c87d2703ec38c30f2c5","curitiba","PR","South",-49.229948642263295,-25.395684474976697
1332,"6d22a1fcebb6dd08c9cd90b92a93e8d0","joinville","SC","South",-48.9002621420903,-26.333991661382438
1333,"6d2f2e3b539480db1e0842b3a4e32e6e","guarulhos","SP","Southeast",-46.550763123809666,-23.46792290023141
1334,"6d66611d7c44cc30ce351abc49a68421","sao paulo","SP","Southeast",-46.66066470778875,-23.649632268343147
1335,"6d7f8d9d594e28796b6b3205b00f459c","curitiba","PR","South",-49.242692326351815,-25.43598802600231
1336,"6d803cb79cc31c41c4c789a75933b3c7","sao joaquim da barra","SP","Southeast",-47.863693188164746,-20.585751390105447
1337,"6d988d6174a2c27441597174f8905515","maringa","PR","South",-51.98024958034895,-23.412891548345666
1338,"6da1992f915d77be95d7fa48b36904af","sao paulo","SP","Southeast",-46.63188421270581,-23.539657127270956
1339,"6dc9bec584588412a6a338830946a3e4","sao paulo","SP","Southeast",-46.52099070896159,-23.600761658958007
1340,"6dd7dce75cd55c1ce255dc38d9f0cd46","palhoca","SC","South",-48.66583973921818,-27.65642094937441
1341,"6ddc28b61be28373b4503a1f61cf98a9","sao paulo","SP","Southeast",-46.514903811860755,-23.53500720956312
1342,"6df688df543f90e9b38f4319e75a9d88","belo horizonte","MG","Southeast",-43.957177760395545,-19.897440327172724
1343,"6e0908ef4d4efadbc3cc2b74ea477cb0","rio de janeiro","RJ","Southeast",-43.23052438041677,-22.89952439510986
1344,"6e13dd869aa7185f601c941423abcc8f","sao paulo","SP","Southeast",-46.73995425532667,-23.52838382611641
1345,"6e1862e15f33d9994bc25922a85e1efc","rio claro","SP","Southeast",-47.56519468442955,-22.37849011300643
1346,"6e2d3e2dc84fb30f6078f39dd3bddd6f","colombo","PR","South",-49.18419913151328,-25.36747499672607
1347,"6e386f64c84e482f0b9abf960797ee1b","sao paulo","SP","Southeast",-46.62043601303771,-23.571152855915095
1348,"6e4a902d1054e4e17aa6eab87fac1c75","sorocaba","SP","Southeast",-47.44821483282601,-23.48159963547886
1349,"6e4f5ff6b086632ba8dcb558fb10249e","flores da cunha","RS","South",-51.18315454628768,-29.035257065411397
1350,"6e85dc5ecd97a61094b89b046a509d8e","marapoama","SP","Southeast",-49.13022148715921,-21.256794218570786
1351,"6e864f5c4669eff3d98140a07cc50202","sao paulo","SP","Southeast",-46.74028971622016,-23.60924929634277
1352,"6eb94e1466490d327a09abf8f3552a50","jundiai","SP","Southeast",-46.853987818287834,-23.188409628905863
1353,"6ebf4eceee4dd9847201c82e77ef8123","rio de janeiro","RJ","Southeast",-43.629510536912356,-22.922380751135314
1354,"6ec1a01e866584bb679eb9b098345919","santos","SP","Southeast",-46.31441392365003,-23.97231558492792
1355,"6edacfd9f9074789dad6d62ba7950b9c","guarulhos","SP","Southeast",-46.52529155803017,-23.425555705618997
1356,"6ee85be3693ed79a8e80718743d80655","sao paulo","SP","Southeast",-46.499637628336075,-23.586002562149023
1357,"6eeed17989b0ae47c9f11ece6f38ea90","sao paulo","SP","Southeast",-46.62659436529209,-23.61042211579087
1358,"6f1a1263039c76e68f40a8e536b1da6a","sao paulop","SP","Southeast",-46.499637906526736,-23.555809968332554
1359,"6f229cc508fc6915ed5c499efd93baa4","rio de janeiro","RJ","Southeast",-43.20020316543501,-22.809517664348757
1360,"6f835fd4be26989b1b064399da346143","curitiba","PR","South",-49.352662543830284,-25.439849104802
1361,"6f83d9e4da896daae20b9b6b2d3ff8d2","pinhalao","PR","South",-50.05869520326817,-23.78967571984096
1362,"6f892e20a171e98efe17fdb971ff319b","sao paulo","SP","Southeast",-46.461300810486996,-23.561185904622896
1363,"6fa9202c10491e472dffd59a3e82b2a3","sorocaba","SP","Southeast",-47.45966978985546,-23.510538970251268
1364,"6fc26fe110feebd80a433e1f012a84f9","fernandopolis","SP","Southeast",-50.25631824612264,-20.293308845020384
1365,"6fd52c528dcb38be2eea044946b811f8","sao paulo","SP","Southeast",-46.42102612749887,-23.49269969912071
1366,"7008613ea464bad5cb9b83456e1e6a8f","canoinhas","SC","South",-50.39172922868352,-26.17842967715642
1367,"700f03c207639c22d933381ff60b35c2","barretos","SP","Southeast",-48.55794076342175,-20.57822759538431
1368,"70125af26c2d6d4ef401a1d02ae7701f","goiania","GO","Central-West",-49.30168105114982,-16.665165674291455
1369,"70126eecc6aa1274392a1743866e9678","barueri","SP","Southeast",-46.86867381625819,-23.54212151927856
1370,"701938c450705b8ae65fc923b70f35c7","s jose do rio preto","SP","Southeast",-49.37734636225725,-20.818959233813953
1371,"702835e4b785b67a084280efca355756","juiz de fora","MG","Southeast",-43.359547616644406,-21.731856430089113
1372,"7040e82f899a04d1b434b795a43b4617","sao paulo","SP","Southeast",-46.63188421270581,-23.539657127270956
1373,"70849ca4f400aaabb62cb7462a6f1428","belo horizonte","MG","Southeast",-43.94889650258166,-19.906712194756448
1374,"709e16e2b25c7474d980076c6bfc4806","birigui","SP","Southeast",-50.3432673557328,-21.294953796324283
1375,"70a12e78e608ac31179aea7f8422044b","jacarei","SP","Southeast",-45.97188817895197,-23.302318252316944
1376,"70b52a4cfc823994561b00bad161b4ed","sao paulo","SP","Southeast",-46.685783448823294,-23.49682861999247
1377,"70bf57d811208f8923b41bbd499a67a4","franco da rocha","SP","Southeast",-46.70953772141059,-23.3000366080716
1378,"70c0fda4c313d87115644d39e62eec60","caruaru","PE","Northeast",-35.97077216910167,-8.285133447365821
1379,"70c27847eca8195c983ed7e798c56743","rio de janeiro","RJ","Southeast",-43.22883289161475,-22.88997965325122
1380,"70c4eedec9cb4a85cda2f3f9673557b4","sao paulo","SP","Southeast",-46.63898204602016,-23.538660495662256
1381,"70ee69419916dc13e3aed619061f996c","mogi das cruzes","SP","Southeast",-46.17732269163659,-23.520213894289626
1382,"70eea00b476a314817cefde4aad4f89a","itatiba","SP","Southeast",-46.83771515499862,-23.003301740276893
1383,"70f7e8018e3d46c748c92f026aa2585a","sao paulo","SP","Southeast",-46.645204377633014,-23.552640734461253
1384,"70f84699be677ec988d1fa824aef7d90","sete lagoas","MG","Southeast",-44.24812822762975,-19.45799501338864
1385,"71039d19d4303bf9054d69e9a9236699","sao paulo","SP","Southeast",-46.61134431577276,-23.532302489410057
1386,"710e3548e02bc1d2831dfc4f1b5b14d4","rolandia","PR","South",-51.36500347341602,-23.312476639241165
1387,"71271995e85f5b8530be99ed54a91b89","porto alegre","RS","South",-51.15471491513133,-30.02022895157803
1388,"712e6ed8aa4aa1fa65dab41fed5737e4","videira","SC","South",-51.15253710423867,-27.00447650803857
1389,"712efd3b68f9686dc856b84abd0f21ae","curitiba","PR","South",-49.27700666451329,-25.37860169525331
1390,"7139dc5186aa238b006e066d8fbab2e4","amparo","SP","Southeast",-46.77331904709086,-22.70025070817845
1391,"713e3a23ca5e47786eb6f0d99f94cfac","curitiba","PR","South",-49.3020273557388,-25.490559269496057
1392,"7142540dd4c91e2237acb7e911c4eba2","penapolis","SP","Southeast",-50.065009131816375,-21.42700224703721
1393,"714b9a1332840f257b49f476bea4e341","monte alto","SP","Southeast",-48.49549672750633,-21.2634592201143
1394,"71592660bbcb6a4664e97b6f8b68babc","sao jose do rio preto","SP","Southeast",-49.365081320140064,-20.794068968967032
1395,"71593c7413973a1e160057b80d4958f6","sao paulo / sao paulo","SP","Southeast",-46.55095501603787,-23.543388118202337
1396,"715bbd5ba4e6b74cb0d2f29eb45058b0","serra negra","SP","Southeast",-46.709593428612365,-22.614621137795275
1397,"7178e1eaa97257d8b6d4b80efd77a025","tatui","SP","Southeast",-47.84737774347543,-23.34977716683689
1398,"7178f9f4dd81dcef02f62acdf8151e01","videira","SC","South",-51.15253710423867,-27.00447650803857
1399,"717b78b0950b51ed00b1471d858b0edc","alambari","SP","Southeast",-47.88510054852834,-23.56157106605844
1400,"718539d38d07dd351c76db862760e2e2","campinas","SP","Southeast",-47.038229238329045,-22.859827954098073
1401,"71dc18fd8cbf5fd77f45dd8b427abb34","curitiba","PR","South",-49.229875625526766,-25.414543906885584
1402,"7202e2ba20579a9bd1acb29e61fe71f6","franca","SP","Southeast",-47.38740999652927,-20.52861928433883
1403,"720e6cf846ea7572cbb66b743fb91e6c","mogi das cruzes / sp","SP","Southeast",-46.19090421090353,-23.53978485023305
1404,"7210cd29727d674c00741e5e387b3ccd","sao paulo","SP","Southeast",-46.541400424516354,-23.584873378842612
1405,"72146da5774cabf2632faedcae097a76","marechal candido rondon","PR","South",-54.058524957866744,-24.55452501789851
1406,"7238a95bb63ef7e498389fb863b834a1","limeira","SP","Southeast",-47.37638610949686,-22.583825650676168
1407,"7238f877570096ae403c51898fa64566","santana de parnaiba","SP","Southeast",-46.96378125450301,-23.491332131125453
1408,"723cd880edaacdb998898b67c8f9da30","ibitinga","SP","Southeast",-48.82974353343713,-21.757320637712766
1409,"72431a818f97fe6ab9c81eee3e297e54","rio das pedras","SP","Southeast",-47.60705361138731,-22.84232187678775
1410,"725af026f869236a8dd0ceb98564d156","claudio","MG","Southeast",-44.76203405975945,-20.437204870234993
1411,"725c32fa80c2faacc4fc88450d27314e","sao paulo","SP","Southeast",-46.56533761884633,-23.546530378903565
1412,"7299e27ed73d2ad986de7f7c77d919fa","araguari","MG","Southeast",-48.19223548000688,-18.65264443369265
1413,"729b2d09b2a0bdab221076327f13d050","mineiros do tiete","SP","Southeast",-48.45129697299396,-22.413396001739336
1414,"729f06993dac8e860d4f02d7088ca48a","limeira","SP","Southeast",-47.407128587319605,-22.60000425928191
1415,"72bc2cce903c872fe376a8faaa81d237","sao paulo","SP","Southeast",-46.69141448992614,-23.679657110399766
1416,"72c38a04bd6a1c3dbc5298425a0db86d","cascavel","PR","South",-53.49319710647038,-24.986482985801867
1417,"72c5da29406b4234927b81855e7b64f6","guarulhos","SP","Southeast",-46.55233201188834,-23.436153784043974
1418,"72c73be2b085b9d57650dd53eb2004c9","sao paulo","SP","Southeast",-46.58524004305731,-23.520110678826004
1419,"730937bf88cb151eb2eb849f642fc213","rio claro","SP","Southeast",-47.56368041482115,-22.408952143712373
1420,"7315baebc0572ff220d226283dc66728","sao carlos","SP","Southeast",-47.890181085560954,-22.01500436480162
1421,"731ef20c231d9a7103a425e83fd91271","lages - sc","SC","South",-50.330752255444736,-27.81772374608258
1422,"734def04b237117a09321dd6d8f3f2a2","araras","SP","Southeast",-47.381166713111426,-22.33625019177183
1423,"7354220fb240bde543b3c40c060d41e7","brasilia","DF","Central-West",-47.947024928343275,-15.813933452398985
1424,"7357b52d27cbaa90f81a96cbc1279396","lagoa santa","MG","Southeast",-43.89965142692269,-19.6365201044844
1425,"739c7d7be81f63812dea0d1b1451c651","campina grande","PB","Northeast",-35.8900988227815,-7.219468653121622
1426,"73a63f72308aa20a46f4b1632018f196","curitiba","PR","South",-49.240868724359665,-25.399872090209225
1427,"73b8eb4a9a729d4019b24ed1be748cbf","campinas","SP","Southeast",-47.08244278411783,-22.892057554565948
1428,"73da1880b39c71de2b262bc7720c1494","sao carlos","SP","Southeast",-47.890181085560954,-22.01500436480162
1429,"740205fedfe4e90ca6857bc77db0f2b4","caxias do sul","SP","Southeast",-51.142925156171486,-29.15106168550321
1430,"7402d13c03a7e91366337cd1de471144","cambe","PR","South",-51.28352361017778,-23.279836234367632
1431,"741f8c587cb4248ebc5b779a0e8e0e51","santo andre","SP","Southeast",-46.50607463708344,-23.671410321922412
1432,"744dac408745240a2c2528fb1b6028f3","colombo","PR","South",-49.18419913151328,-25.36747499672607
1433,"74636e24f01da9268b0ed88dacd8513e","sao paulo","SP","Southeast",-46.72272470033173,-23.478802923326487
1434,"747c1cdcd1737dcfbd1547f6eb6f2cf3","ibitinga","SP","Southeast",-48.82974353343713,-21.757320637712766
1435,"747e73c01a4593d4cf60dcf970fd2689","vitoria de santo antao","PE","Northeast",-35.296470274753084,-8.12050227334272
1436,"74871d19219c7d518d0090283e03c137","sao paulo","SP","Southeast",-46.67692508392926,-23.657850841946907
1437,"7494d0dcba8551df6cf37f1b905dc2f7","santos","SP","Southeast",-46.325997442544626,-23.93770164050835
1438,"749e7cdabbaf72f16677859e27874ba5","guarulhos","SP","Southeast",-46.517988442722405,-23.44874587507586
1439,"74a9b9bddf14ece02beb81f52c41a88d","sao paulo","SP","Southeast",-46.66643724514501,-23.52892113830292
1440,"74bafed391319577bce6f4d2acc0589a","sao paulo","SP","Southeast",-46.65279265595322,-23.56450460938095
1441,"74c7dec0a384d8a05950e629bd23bde9","mogi guacu","SP","Southeast",-46.95126336409011,-22.356314123198473
1442,"750303a20e9c56b2a6bc45cdce0b897d","goiania","GO","Central-West",-49.30572785049906,-16.711462089537843
1443,"751bdc4d83a466c7206cd42e8f426b03","ribeirao pires","SP","Southeast",-46.4043333118322,-23.70076577122381
1444,"751e274377499a8503fd6243ad9c56f6","campinas","SP","Southeast",-47.024767959832936,-22.846425889636098
1445,"75745ef7bc7d4f3ea3380f6f5303f514","brasilia","DF","Central-West",-47.92443250257791,-15.827493762553393
1446,"7586919161935337bf6b6d7ff5779648","rio de janeiro","RJ","Southeast",-43.18564856697722,-22.80830442913339
1447,"75a4764c108403a7a0575140cb22287c","caxias do sul","RS","South",-51.15178971474723,-29.173299048379477
1448,"75d34ebb1bd0bd7dde40dd507b8169c3","salvador","BA","Northeast",-38.45808623534637,-12.982806089337023
1449,"75fbb52eda0cbc24f479d3b2fbfa8d3e","goiania","GO","Central-West",-49.27380796092448,-16.659396369821284
1450,"75fdd0a732287f9497b179f6bd445d32","maua","SP","Southeast",-46.44423827270244,-23.680729252163328
1451,"761681a821d8275bc79f552116d06869","sao paulo","SP","Southeast",-50.52568357112497,-21.928465491539182
1452,"762ed976527cddf02787edba70fffa2a","londrina","PR","South",-51.15708411065321,-23.311278572671075
1453,"762fafdaa57a532ee0119731697579dd","itu","SP","Southeast",-47.31557122150695,-23.262942394092207
1454,"76623fde66e6b63b59440fd34160512d","guarulhos","SP","Southeast",-46.53377282479951,-23.433637357810895
1455,"7681ef142fd2c19048da7430856b5588","guarulhos","SP","Southeast",-46.56294917650381,-23.44990733896688
1456,"76833248bbc0e65a0293ec62023e4396","birigui","SP","Southeast",-50.3432673557328,-21.294953796324283
1457,"768a86e36ad6aae3d03ee3c6433d61df","sao paulo","SP","Southeast",-46.63455549164137,-23.568439156874526
1458,"768de2a4fc06aacecb9a586ccc30746a","brasilia","DF","Central-West",-47.93405506253423,-15.781852449476983
1459,"76c47a299e4a8fe992316a85865acbe9","ribeirao preto","SP","Southeast",-47.79106291848944,-21.140244843952534
1460,"76d336555bb25f3165d2f0d6da719c40","sorocaba","SP","Southeast",-47.430450592561066,-23.502754626563185
1461,"76d5af76d0271110f9af36c92573f765","sao paulo","SP","Southeast",-46.57394821510183,-23.56788988703906
1462,"76d64c4aca3a7baf218bf93ef7fa768d","curitiba","PR","South",-49.254297223453136,-25.44821891104932
1463,"76de363de16dacc923eec8daf91df504","xaxim","SC","South",-52.53171511177199,-26.95943665505385
1464,"76ea5315acb3f5f7ade3cd261faf922a","sao paulo","SP","Southeast",-46.60240268369202,-23.592504115039187
1465,"77128dec4bec4878c37ab7d6169d6f26","sao paulo","SP","Southeast",-46.65943086047524,-23.482631119781182
1466,"7722b1df1b0e383e000397b2c11e3e19","sao bernardo do campo","SP","Southeast",-46.545747829147714,-23.71565592288304
1467,"77530e9772f57a62c906e1c21538ab82","curitiba","PR","South",-49.309454983953636,-25.45693388285516
1468,"77714512e8d4dda9c234da8e3faf16e4","guarulhos","SP","Southeast",-46.56582663696091,-23.460297379673918
1469,"777a0c55737f34ffeb78010f7542ab41","sao paulo","SP","Southeast",-46.6186169730581,-23.56925274057871
1470,"778323240ce2830d68aab11794e00bfb","sao paulo","SP","Southeast",-47.38491597664382,-22.355359127465086
1471,"77a515caa36327151d1cc6c32a9f00e1","diadema","SP","Southeast",-46.61559771019248,-23.689612630008693
1472,"77dcbb67ccb3659bd58eaf5661560a30","lajeado","RS","South",-51.96671716734519,-29.460556715554084
1473,"77e4abfd739aed9c46480f90f81c0eb4","brasilia","DF","Central-West",-47.89486592426565,-15.745499125961475
1474,"77fccaae319668a8ab6cd0fd16aec48c","campos dos goytacazes","RJ","Southeast",-41.33204541278837,-21.75650602388155
1475,"7813ea3ebd9411dc600b4dd01f7a97b9","osasco","SP","Southeast",-46.776112969814946,-23.54089999196139
1476,"7816cd9c5b1238e320545f5bf7eb80e8","araraquara","SP","Southeast",-48.185502465188456,-21.790782716262648
1477,"781a66c0d89e30814d49fe8b5e14cd07","campinas","SP","Southeast",-47.00037620712697,-22.900296724955915
1478,"782f78b632a43875dd5b53e3e49c9564","campinas","SP","Southeast",-47.07428354596361,-22.92496986205362
1479,"784ba75dd9d20200c4caed3d7a77141a","sao paulo","SP","Southeast",-46.638324694969405,-23.541028179008826
1480,"78744a20ee2f80ba64f6804c25def2b8","recife","PE","Northeast",-34.917935588241974,-8.065025564806096
1481,"78813699ffac347fe27dba345a5f1551","bento goncalves","RS","South",-51.56925812204669,-29.175192373228015
1482,"788e857f317e53de488d393e65a80f45","sao paulo","SP","Southeast",-46.47448584310013,-23.56118965884429
1483,"788f22bafdd7ab0e1e79f19db72f16a4","sao paulo","SP","Southeast",-46.61855410099136,-23.609271700065435
1484,"78a4d36f65a019172c6154468831a69f","bauru","SP","Southeast",-49.051324533543095,-22.359934494958647
1485,"78ba5933c21686d1c2f64669c8c459e7","mogi das cruzes","SP","Southeast",-46.15067015542788,-23.501501454838422
1486,"78c99c6dff4eeae5be99bf635ed21e3f","marilia","SP","Southeast",-49.9521952681175,-22.197206766114302
1487,"78ef7e885d17f35e2382a47aae8b8cce","santa cruz do sul","RS","South",-52.44250849507993,-29.694897931782545
1488,"7901646fdd36a55f564ffaf2dbccaaf7","rio de janeiro","RJ","Southeast",-43.17350079335498,-22.912369544913414
1489,"791cfcfe22fe4a771ece27f90017da92","ribeirao preto","SP","Southeast",-47.8085976482549,-21.17953956854023
1490,"79565f7d5603b24ddf07ade262547f2f","araraquara","SP","Southeast",-48.19822719379914,-21.76715857542243
1491,"7957cac1a02f45d0a4a7e45626382ec2","curitiba","PR","South",-49.294363866810166,-25.460581186381432
1492,"7963e546f34e098b578f9ad102494601","sao paulo","SP","Southeast",-46.728198536058464,-23.595284852664303
1493,"7994081388d55b9cf976c050653dd359","sao paulo","SP","Southeast",-46.65959031403357,-23.56204912797664
1494,"7994b065a7ffb14e71c6312cf87b9de2","cariacica / es","ES","Southeast",-40.37462539065325,-20.363601856745053
1495,"79a679c36c08d606b3fd47ead9de109b","sao paulo","SP","Southeast",-46.648206260815364,-23.467790322895205
1496,"79b93a308a97792cf53ac75f46da00b5","rio de janeiro","RJ","Southeast",-43.20414276378722,-22.985312022606536
1497,"79ebd9a61bac3eaf882805ed4ecfa12a","cascavel","PR","South",-53.466729765315804,-24.966466359942885
1498,"79ed755314cfe6df0daef2c6cd3022cd","rio claro","SP","Southeast",-47.5792958770093,-22.412926935778415
1499,"79ee721b6f766066a80264402548d359","bauru","SP","Southeast",-49.053751555245526,-22.331883449900126
1500,"7a073a40a9d3f1fee8bc45670ea1e909","londrina","PR","South",-51.136186148711786,-23.338993599490653
1501,"7a188843479798ca813108fa7b959286","sao paulo","SP","Southeast",-46.61400637002963,-23.60131700883481
1502,"7a241947449cc45dbfda4f9d0798d9d0","jacutinga","MG","Southeast",-46.61190091318772,-22.288146664323705
1503,"7a2d2949aea47fab95fd98d6c9f618b1","curitiba","PR","South",-49.33313993830729,-25.501030850103422
1504,"7a425d299613df3e613bcf9d2eaf5c49","rio de janeiro","RJ","Southeast",-43.46551954103294,-23.012986504226507
1505,"7a67c85e85bb2ce8582c35f2203ad736","sao paulo","SP","Southeast",-46.53686856423848,-23.552336441109283
1506,"7a704e63bb29c446869efde5d57524c8","francisco beltrao","PR","South",-53.05355217451234,-26.080628132861328
1507,"7a91bf945c6fae0779f1c61ce97fe45c","mesquita","RJ","Southeast",-43.42233966246772,-22.770064916804245
1508,"7a9c12e235c36247c3c81f50d6ea9cea","sao caetano do sul","SP","Southeast",-46.56414467348053,-23.62020569014463
1509,"7aa4334be125fcdd2ba64b3180029f14","laranjal paulista","SP","Southeast",-47.83762131131263,-23.04955173261455
1510,"7aa538dd6e114e503a2e6154ea352253","catanduva","SP","Southeast",-48.95129208439433,-21.12384851479828
1511,"7ab0dd5487bab2dc835337b244f689fb","sao jose do rio preto","SP","Southeast",-49.33051843775889,-20.82895270664262
1512,"7ad32824caee82087b3e2e5f33b1bf32","ibitinga","SP","Southeast",-48.82974353343713,-21.757320637712766
1513,"7ad41305e96a6cab8294cd65891e9a86","rio bonito","SP","Southeast",-42.53355679259949,-22.751923494229857
1514,"7adbd3210a7b3cc2235e225eef33574d","sao paulo","SP","Southeast",-46.660918321003315,-23.48892715522341
1515,"7ade73f1b9b4e965f9009a4c3a7e2c15","bauru","SP","Southeast",-49.09994406784406,-22.33098509272632
1516,"7b07b3c7487f0ea825fc6df75abd658b","sao paulo","SP","Southeast",-46.6256721599388,-23.503984838767177
1517,"7b0df942f46435babab05d49b744b2c4","braganca paulista","SP","Southeast",-46.530953922860846,-22.8781461569946
1518,"7b1222c3624aa89b9558b50a2594188c","sao jose do rio preto","SP","Southeast",-49.418262484540605,-20.790373567376058
1519,"7b3447b497e55af8c15fc7bd89d7b81a","sao paulo","SP","Southeast",-46.46178303972399,-23.529819075625554
1520,"7b3f6ce5c6c22e9b96e7581ebf0df6e1","tambau","SP","Southeast",-47.276353860301036,-21.703495030535557
1521,"7b7ed56ae755e2880f2b69632e839c1e","goiania","GO","Central-West",-49.26786147885154,-16.715024062717166
1522,"7b7f91e98f8c6def45a1407923304402","osasco","SP","Southeast",-46.80446835953168,-23.560055882960995
1523,"7b8e8ec35bad4b0ef7e3963650b0a87b","tubarao","SC","South",-48.99587861083373,-28.478878471630875
1524,"7b98de631987e26dd6d803490c43a13c","loanda","PR","South",-53.13587259427024,-22.9293837852093
1525,"7bac63f6603d382cc8d0832eb6c100a8","sao paulo","SP","Southeast",-46.73033396272478,-23.626372677390453
1526,"7bb8fac2913a6064ec412e583c6d8b4d","bauru","SP","Southeast",-49.05968914675231,-22.34719449804868
1527,"7bcd7c5f8631701474db233ccf1c094b","sao paulo","SP","Southeast",-46.618673963872304,-23.51721555382505
1528,"7c1fea10b5b006671d608b1d7c446ec4","boituva","SP","Southeast",-47.67058614671448,-23.2874269483057
1529,"7c4402417d51474d4d0cda9557340e40","sao caetano do sul","SP","Southeast",-46.57510268453868,-23.621542891813732
1530,"7c4618c82226628831613e95e9c22f44","sao roque","SP","Southeast",-47.137245126987445,-23.54858318028307
1531,"7c462184585ae80bd6e5774c62ce50f2","campinas","SP","Southeast",-47.05109826059328,-22.820556839802265
1532,"7c4adcc13272c0e26fa23aac642adb7b","sao goncalo","RJ","Southeast",-42.97220863173353,-22.81145621722834
1533,"7c51de0ab286204ce75ff42bf7c10d92","picarras","SC","South",-48.68190978174774,-26.760771390660448
1534,"7c5b05cbdb5542049f38d90d7815b97d","sao paulo","SP","Southeast",-46.72367775577436,-23.41304547340984
1535,"7c67e1448b00f6e969d365cea6b010ab","itaquaquecetuba","SP","Southeast",-46.366720765317105,-23.486111454662215
1536,"7c9130f5f3729edd32aa059141d92484","garca","SP","Southeast",-49.658624971976394,-22.211471483564292
1537,"7caa63f175b1cecbfaadd8b5ab9998c7","sao paulo","SP","Southeast",-46.68063771608083,-23.493303022058086
1538,"7cb946b1ad19faebe28c3e86c2794ec3","sete lagoas","MG","Southeast",-44.231459719753516,-19.460508470366
1539,"7cf4ea70955b00d6b3c22542598e2715","sao paulo","SP","Southeast",-46.64016432350875,-23.527288449571635
1540,"7d13fca15225358621be4086e1eb0964","ribeirao preto","SP","Southeast",-47.823699739561384,-21.172861452750706
1541,"7d294cf9a6a69dc6a0c3e540fff0e039","barra velha","SC","South",-48.69195331731784,-26.660970150266746
1542,"7d456afc660226829370f3173d14520c","mogi das cruzes","SP","Southeast",-46.15005921825602,-23.50893894612542
1543,"7d484ca289afaac6bf5fc6a1e96d2226","campo grande","MS","Central-West",-54.69103388856433,-20.462851386084587
1544,"7d76b645482be4a332374e8223836592","sao paulo","SP","Southeast",-46.63294793571506,-23.561456812728604
1545,"7d7866a99a8656a42c7ff6352a433410","sao paulo","SP","Southeast",-46.639347399325395,-23.557955062291967
1546,"7d7d2b7a51328016102d4528c411d630","ibitinga","SP","Southeast",-48.82974353343713,-21.757320637712766
1547,"7d81e74a4755b552267cd5e081563028","sao paulo","SP","Southeast",-46.697389538991324,-23.642694460596925
1548,"7d948535954aaf8c5d39db007f74372e","guaruja","SP","Southeast",-46.22003843970622,-23.976117914975294
1549,"7daca0837f033a41a6f3428c18657533","tanabi","SP","Southeast",-49.65195844976547,-20.62352159105578
1550,"7dc8c42cc750eeafea6c85712ffee9bf","sao paulo","SP","Southeast",-46.69810963523168,-23.568770707245964
1551,"7dc9a3355bae96dd82008b313d3a456c","dores de campos","MG","Southeast",-44.023367679359396,-21.109897644968864
1552,"7ddcbb64b5bc1ef36ca8c151f6ec77df","sao paulo","SP","Southeast",-46.661055675847514,-23.670543920073374
1553,"7dea6f73af847b42cc3985bd620f994d","cascavel","PR","South",-53.45161508906899,-24.936834324437232
1554,"7df1fc11cc5cbc518b39faa60cf5d67c","campo grande","MS","Central-West",-54.6559105602865,-20.44178101510919
1555,"7e1fb0a3ebfb01ffb3a7dae98bf3238d","franca","SP","Southeast",-47.38735911880558,-20.55362362743643
1556,"7e26c750b4cb9f6766f58265ff9ebe95","belo horizonte","MG","Southeast",-43.90615804521914,-19.92134251922916
1557,"7e3dde9ffba72d5340f9aaf09b4424be","cambe","PR","South",-51.24296972291575,-23.289125956311928
1558,"7e3f87d16fb353f408d467e74fbd8014","sao paulo","SP","Southeast",-46.69469317014638,-23.716916214057584
1559,"7e79d65b5c6f1f544b7daea036acf720","sao caetano do sul","SP","Southeast",-46.56083126678533,-23.642441270973286
1560,"7e93a43ef30c4f03f38b393420bc753a","barueri","SP","Southeast",-46.952915158144144,-23.489687895881012
1561,"7e959205cebc10adefcb331f934238a4","sao paulo","SP","Southeast",-46.64858211715018,-23.54408811655857
1562,"7ea5bfa6c340f58f8e71fc1f0412b0d6","belo horizonte","MG","Southeast",-43.945864431370076,-19.926410099853396
1563,"7ecd59e5e20407131822c1a68ac59c1f","brasilia","DF","Central-West",-47.88911797837573,-15.786283585240911
1564,"7ecef8194babfec876ca720714327841","campinas","SP","Southeast",-47.05723143749277,-22.919581236170703
1565,"7f02656561b680def9986c0795a8a080","sao paulo","SP","Southeast",-46.63393189503632,-23.552778853099586
1566,"7f152321c60a266edc53af1925ef96c1","criciuma","SC","South",-49.36943092657389,-28.676778989638045
1567,"7f2617c58d5d06806987308b45654351","sao paulo","SP","Southeast",-46.69355855742375,-23.604780479603217
1568,"7f35f9daf223da737b78738fbae4d977","valinhos","SP","Southeast",-47.00199555891175,-22.951601887531698
1569,"7f40d06aa0b5f1aa4f41af8c0480e2ef","rio claro","SP","Southeast",-47.54851112572863,-22.39176554058553
1570,"7f5e4d5efad7e44b91115dd1decb65f3","jacarei / sao paulo","SP","Southeast",-45.94758555863001,-23.287878042470552
1571,"7f7b8245c336066a1f9933c359f11d77","mogi mirim","SP","Southeast",-46.96545705034642,-22.437244497585272
1572,"7fc87cc3e89b3d1d5cabdca32f8485aa","guarulhos","SP","Southeast",-46.52560802308751,-23.444882020817733
1573,"7fdb0720c8d7c9075538b365dc8c3a22","toledo","PR","South",-53.747606481343865,-24.711673570658885
1574,"7fe21dd00d2f4943ae09525efa2fd674","rio de janeiro","RJ","Southeast",-43.245698748834876,-22.914390650925117
1575,"7ff588a03c2aeae4fbd23f9ae64b760d","guarulhos","SP","Southeast",-46.46281463364434,-23.440533988290774
1576,"800214c63934acd05d47e84214db8ba8","jaragua do sul","SC","South",-49.08123612140746,-26.48669076477055
1577,"80146bc52c4f6af5239b23de2a20262b","taboao da serra","SP","Southeast",-46.75599818781657,-23.60230420415543
1578,"804287717b9156fb7a787acd9af4fac1","maringa","PR","South",-51.927069895500146,-23.413770021773324
1579,"8060d731897e33b5c5ae575ce1e209e1","blumenau","SP","Southeast",-49.07374245904507,-26.891021758568968
1580,"808d4348b916efa08e766ebad39f61eb","sao paulo","SP","Southeast",-46.61693997878472,-23.481297618595416
1581,"8090490573c6c0aa343a7231ebcb8c86","sao paulo - sp","SP","Southeast",-46.62000602777737,-23.604972151445885
1582,"809413606dbfe5deefd2db646693ef67","sao paulo","SP","Southeast",-46.68144846125941,-23.622332972865358
1583,"80ceebb4ee9b31afb6c6a916a574a1e2","londrina","PR","South",-51.15708411065321,-23.311278572671075
1584,"80cfd480be3eb6d6267139f5cb793555","sao paulo","SP","Southeast",-46.47107205776288,-23.52685922041741
1585,"80e6699fe29150b372a0c8a1ebf7dcc8","pinhais","PR","South",-49.19396558589783,-25.437225932288545
1586,"80f2cf9abf6b5a0e5c612b5eea6646e6","sao jose do rio preto","SP","Southeast",-49.36411121795177,-20.776863599768536
1587,"8132b9bd16876e1b0f8808d43825dd48","florianopolis","SC","South",-48.40148110687635,-27.442895407783325
1588,"813348c996469b40f2e028d5429d3495","jundiai","SP","Southeast",-46.880302938807695,-23.211336157869347
1589,"81336a0f57a33776419727a300249e90","sao carlos","SP","Southeast",-47.890181085560954,-22.01500436480162
1590,"8160255418d5aaa7dbdc9f4c64ebda44","ibitinga","SP","Southeast",-48.82974353343713,-21.757320637712766
1591,"817245bcc3badd82bbd222e0366951a6","bauru","SP","Southeast",-49.101471360124286,-22.353827052221796
1592,"81783131d2a97c8d44d406a4be81b5d9","sorocaba","SP","Southeast",-47.430450592561066,-23.502754626563185
1593,"817f85dbb65aa3e70831d90fe75cdf89","tiete","SP","Southeast",-47.711819140556784,-23.10162100644003
1594,"8185694b58b2ba6de20fd41ae608bbea","tabao da serra","SP","Southeast",-46.76853282528394,-23.615830177735223
1595,"818d28f936e791926d33bcb6ee94ef79","sao paulo","SP","Southeast",-46.63325835278836,-23.6100569892304
1596,"81a1104df0f08b59c68aa5b03cfe398e","sao jose dos pinhais","PR","South",-49.195697020152195,-25.55842134362274
1597,"81ed90f07c0bacb7594940ba2ef676aa","divinopolis","MG","Southeast",-44.88407963221903,-20.1403596878013
1598,"81f89e42267213cb94da7ddc301651da","presidente prudente","SP","Southeast",-51.441435983808184,-22.128139671808405
1599,"820c7c9eaf76d2b226b6c242bcf3f34d","sao paulo","SP","Southeast",-46.718721595903254,-23.64698378124242
1600,"820cc752a266cdc6c1a1e61dd4583330","maringa","PR","South",-51.91823531933558,-23.43113060537283
1601,"821fb029fc6e495ca4f08a35d51e53a5","sao paulo","SP","Southeast",-46.62468256911272,-23.505871338521402
1602,"822166ed1e47908f7cfb49946d03c726","tres rios","RJ","Southeast",-43.21192451156176,-22.11708169120721
1603,"822b63912576852aea9a8436d72317b7","mogi guacu","SP","Southeast",-46.93816713358191,-22.366040649505837
1604,"822bad9bc42b51213ba522fe87b7ab5d","balneario camboriu","SC","South",-48.632151504897195,-26.992704286772575
1605,"827f8f69dfa529c561901c4f2e0f332f","curitiba","PR","South",-49.2933382577417,-25.53831601990526
1606,"82921991ff5b557b045605b8bbf08d49","sao paulo","SP","Southeast",-46.63137340438762,-23.542330784361457
1607,"82bd0703a4aefd6b599e5bfdaed378fb","marilia","SP","Southeast",-49.9521952681175,-22.197206766114302
1608,"82cb9f452fe8334df74b22d37824b431","caxias do sul","RS","South",-51.20380645097554,-29.162884491621554
1609,"82e0a475a88cc9595229d8029273f045","sao paulo","SP","Southeast",-46.547406527916394,-23.539899237124576
1610,"830379336fad8c6f3b15a4a3ddb5c66e","sao paulo","SP","Southeast",-46.66534774802667,-23.50994839490356
1611,"83353a83fd769dfafa4f21a72b15e3e5","sao paulo","SP","Southeast",-46.77249597850783,-23.635191671137648
1612,"834f3294fba9f932f56edc879193f925","araraquara","SP","Southeast",-48.14485939614039,-21.82152967191702
1613,"834f8533b2ecb6598dd004ff3de7203a","sao paulo","SP","Southeast",-46.744091586764405,-23.455861458512867
1614,"835f0f7810c76831d6c7d24c7a646d4d","sao paulo","SP","Southeast",-46.42228420833628,-23.50320576014991
1615,"83645b1645cdee8953ee54c29ceed564","santa terezinha de itaipu","PR","South",-54.402764727764094,-25.44286211774669
1616,"8378eb36b6b70c5734e83ad7b8cdc3b7","itajai","SC","South",-48.65639411001171,-26.911876880258855
1617,"83a75eea11694e36e56dd0cb2240229a","amparo","SP","Southeast",-46.801395362759884,-22.710900736908826
1618,"83b08de96980757220871b31bf6cffca","rio de janeiro","RJ","Southeast",-43.46899760400733,-22.881888435047642
1619,"83c465a786b06574376909b35ef6752a","sao carlos","SP","Southeast",-47.890181085560954,-22.01500436480162
1620,"83c8aafbefb034674a70de0eac5b8954","francisco beltrao","PR","South",-53.05355217451234,-26.080628132861328
1621,"83d458c0d6d4f94295d63f091460bd60","vila velha","SP","Southeast",-40.28790374199651,-20.345030195796223
1622,"83d7070a0b9a8b4625fa8682b819fabb","cotia","SP","Southeast",-46.91753331085016,-23.609451894779586
1623,"83deb69e889cf80f82be1dc6d5f2d486","florianopolis","SC","South",-48.426466395426715,-27.4198423877185
1624,"83e197e95a1bbabc8c75e883ed016c47","mage","RJ","Southeast",-43.06655787630404,-22.651419516496585
1625,"83f2b4881141ce3fcd4e985125d3279e","ribeirao preto","SP","Southeast",-47.82492084329618,-21.15700584776457
1626,"8444e55c1f13cd5c179851e5ca5ebd00","congonhal","MG","Southeast",-45.650823499750366,-21.865404185877196
1627,"845e8036c3f7bf62099352f5ed910240","rio de janeiro","RJ","Southeast",-43.258727578503766,-22.871441098801014
1628,"8476243f92442881ddd5b578975cf115","campo bom","RS","South",-51.06040344017742,-29.677045008814133
1629,"84c945f15571830c1a91a33978e94009","sao paulo","SP","Southeast",-46.69137675746327,-23.45956619003817
1630,"84deb808079d1be601c209c1e771b1cc","curitiba","PR","South",-49.332558792176,-25.437196092611362
1631,"8501d82f68d23148b6d78bb7c4a42037","blumenau","SC","South",-49.10210453576227,-26.888954863561988
1632,"85044848b1b767db2a4a58526adef4b4","osasco","SP","Southeast",-46.776112969814946,-23.54089999196139
1633,"850857dfac77488c307e2b1cbd84ab5a","cascavel","PR","South",-53.466729765315804,-24.966466359942885
1634,"850913d59ce317156b00f3705f1c3edb","atibaia","SP","Southeast",-46.56005009398448,-23.12280918290881
1635,"850f4f8af5ea87287ac68de36e29107f","sao paulo","SP","Southeast",-46.66726499000773,-23.651458409656644
1636,"851773c885feb5e2da3b4f82bc2b17ce","lencois paulista","SP","Southeast",-48.80710410454743,-22.601443045355065
1637,"855668e0971d4dfd7bef1b6a4133b41b","itatiba","SP","Southeast",-46.85396269506087,-22.988257375889454
1638,"8581055ce74af1daba164fdbd55a40de","guarulhos","SP","Southeast",-46.51614189492681,-23.46870426001278
1639,"85cc55e048b6bcc90c75afe7f0e72f72","barra mansa","RJ","Southeast",-44.17640591869786,-22.544732957119656
1640,"85d9eb9ddc5d00ca9336a2219c97bb13","belo horizonte","MG","Southeast",-43.95094395435073,-19.86949505446246
1641,"85e7c62c1d6ea078c3897424f867a7c8","itapema","SC","South",-48.622296201371384,-27.104775732473907
1642,"85ecf03781da592876b7844acc1b729f","sao paulo","SP","Southeast",-46.50066365277143,-23.528139936982033
1643,"8602a61d680a10a82cceeeda0d99ea3d","sao paulo","SP","Southeast",-46.634023555904214,-23.550189776551765
1644,"8603f0038fe0e52fedd3382d266723de","garopaba","SC","South",-48.6314633279986,-28.038737678812925
1645,"8629a7efec1aab257e58cda559f03ba7","goiania","GO","Central-West",-49.26658700280382,-16.710022071030732
1646,"8629c241b3622ac12cd4118afdc8d394","ribeirao preto","SP","Southeast",-47.78842912306861,-21.17989319210998
1647,"863d2ebcd347ce4922de7a0f9a5581d6","rio de janeiro","RJ","Southeast",-43.258727578503766,-22.871441098801014
1648,"8648b1e89e9b349e32d3741b30ec737e","jacarei","SP","Southeast",-45.96265248801375,-23.303916909849324
1649,"86649b1632b1c0e6c0bcb2c90a8b75d8","medianeira","PR","South",-54.0951342189675,-25.29320167334102
1650,"866558b3bccef2dbc6d29a2b5995016f","arapongas","PR","South",-51.42388542180935,-23.427901225690103
1651,"86bb7c4b535e49a541baf3266b1c95b1","franca","SP","Southeast",-47.38740999652927,-20.52861928433883
1652,"86bf77bdb52e615674772d5817c6212f","viamao","RS","South",-51.02180501500837,-30.083551390382627
1653,"86ccac0b835037332a596a33b6949ee1","blumenau","SC","South",-49.112263234420354,-26.914469334728032
1654,"86ff3eaef0267069cc891a2ed9d10a17","palhoca","SC","South",-48.68709681646422,-27.678198545039596
1655,"870d0118f7a9d85960f29ad89d5d989a","pocos de caldas","MG","Southeast",,
1656,"87142160b41353c4e5fca2360caf6f92","porto alegre","RS","South",-51.20130443913632,-30.00818156770628
1657,"8759e7aedd644f487315e5860962f162","santo andre","SP","Southeast",-46.50749026337424,-23.630386001373818
1658,"876182d1918783bbe15233febfbd4926","sao paulo","SP","Southeast",-46.60119064355825,-23.59277554744454
1659,"87b4428a334b8f676fd9a7f3bf544fb5","guaimbe","SP","Southeast",-49.896172250557186,-21.90997953797039
1660,"87b740daf17b5d1be335a64164ec6842","suzano","SP","Southeast",-46.29562373495023,-23.547817339445313
1661,"87d30a6a0cbf89356e49324971ab1d24","sao paulo","SP","Southeast",-46.62080286230928,-23.501744307143422
1662,"87d3c3aeb3ead335511b3ce315eb341e","sao paulo","SP","Southeast",-46.591687772658524,-23.54017186746161
1663,"87d73636a3acf123e842bb890a4db036","nhandeara","SP","Southeast",-50.042499092685674,-20.693537430599772
1664,"87e24fc7052259b1f7f607d61c10d8be","sao paulo","SP","Southeast",-46.7434681207222,-23.62569896288815
1665,"87f3e35268860433e13d577825aada95","bom jesus dos perdoes","SP","Southeast",-46.46861253251347,-23.138276989175576
1666,"880ce4951cf857ab1d9e0b75c1d856f4","belo horizont","MG","Southeast",-43.95094395435073,-19.86949505446246
1667,"880eda903e719a5f179f7e9fceb3a69d","ipua","SP","Southeast",-48.01402332006466,-20.445531132262555
1668,"883dd81e82754ac2c65e9790a7db8c9a","curitiba","PR","South",-49.303836794009264,-25.48933940885059
1669,"88460e8ebdecbfecb5f9601833981930","maringa","PR","South",-51.927069895500146,-23.413770021773324
1670,"888faa8bfb0b159c37de6d898b961c31","braco do norte","SC","South",-49.165211726860214,-28.274304945434466
1671,"889009a0ed0bb52c87819941192931b8","lencois paulista","SP","Southeast",-48.796236988898144,-22.609897676638738
1672,"88ae906ea2acf6971f26c3e8b7cb4357","sao paulo","SP","Southeast",-46.61615054561147,-23.573056606592885
1673,"88af55b4a7ca402b27df16f7c7c9b5d2","taboao da serra","SP","Southeast",-46.79412240682531,-23.636703761017003
1674,"88cd3681e0a2ba85e190f7d817629c4c","brusque","SC","South",-48.926611836822715,-27.109672597746453
1675,"88cf19ec1fc2c58f161aee259d57142c","sao carlos","SP","Southeast",-47.87949202618188,-22.03032264278144
1676,"88ef59b51bdaa941d10a853429f2b6ce","guaratuba","PR","South",-48.58448614692999,-25.887866961664873
1677,"891071be6ba827b591264c90c2ae8a63","sao paulo","SP","Southeast",-46.50082148805862,-23.512459731266134
1678,"8931a84a914b3fe9b1ddaa4d704947ca","sao paulo","SP","Southeast",-46.42292496090773,-23.548909981913905
1679,"8936ba0de1073ee888cb3185ae5dc661","sao paulo","SP","Southeast",-46.55585347909131,-23.570556985026897
1680,"897060da8b9a21f655304d50fd935913","ribeirao preto","SP","Southeast",-47.76782007545161,-21.177709840485363
1681,"89757206b887aed36f3e18d858460fea","sao paulo","SP","Southeast",-46.59940391516721,-23.563270061400424
1682,"89a51f50b8095ea78d5768f34c13a76f","brasilia","DF","Central-West",-48.03955332417536,-15.836793380445977
1683,"89ad3263c0931c47f976d7c5778e60f6","sao paulo","SP","Southeast",-46.73894137655675,-23.497544650322833
1684,"89bc797e2e29667aa035d4368f9b7f92","sao paulo","SP","Southeast",-46.71062803918182,-23.492058779163493
1685,"89c127985a8b130cfa45c1d36764017a","osasco","SP","Southeast",-46.7795430751613,-23.532463426093493
1686,"89d9a386b0b6e5fc8403071b03f7206a","sao paulo","SP","Southeast",-46.610592337915634,-23.554371385066926
1687,"89dda63a3c907c468ec88c310ed91213","maua/sao paulo","SP","Southeast",-46.47864502112121,-23.64173599837453
1688,"89de2d6f23e9746ff309705b23581faa","londrina","PR","South",-51.17566618569717,-23.312446047306594
1689,"89f69225956f951295ca4c7fb1266553","vassouras","RJ","Southeast",-43.66768976744021,-22.40767287308992
1690,"8a130737016f838139d31878787a39c9","sao paulo","SP","Southeast",-46.57891781335761,-23.5611333137124
1691,"8a1ff5c35f6595a73fef4c7b96e4908a","sao  jose dos pinhais","PR","South",-49.1753719726532,-25.64774351148683
1692,"8a207b6080964f3c1fc9d35bd6096ba4","jaci","SP","Southeast",-49.571920762950214,-20.88470930883423
1693,"8a2d12a90e92f012ce5226fc6592b653","curitiba","PR","South",-49.329172989634834,-25.444532403869676
1694,"8a32e327fe2c1b3511609d81aaf9f042","sao paulo","SP","Southeast",-46.647429411903445,-23.472994531200314
1695,"8a40ae794fa3f9892cee24bd5af0488b","curitiba","PR","South",-49.22147656655172,-25.383155096847286
1696,"8a43128d7f9a3db592b866e6861a6cce","sao paulo","SP","Southeast",-46.43002785592731,-23.48742211547328
1697,"8a432f4e5b471f8da497d7dc517666e2","presidente prudente","SP","Southeast",-51.372450045479795,-22.1362294598616
1698,"8a87611c08849ffeeccab52aa798b6c7","curitiba","PR","South",-49.21739574951017,-25.457666569768072
1699,"8a8835a43bda99fd37310ad76c457510","sao caetano do sul","SP","Southeast",-46.56619435528589,-23.624968420796623
1700,"8a9260f2b0340411d6d2a56bcf4f7378","contagem","MG","Southeast",-44.02997843393888,-19.867252389950064
1701,"8ab42aa58097fd4668d60cc648225d5f","goiania","GO","Central-West",-49.26744894449621,-16.696727724111284
1702,"8ae520247981aa06bc94abddf5f46d34","navegantes","SC","South",-48.65532838709397,-26.89066585414966
1703,"8b11118053756a9a2932f447e11fc1b5","igaracu do tiete","SP","Southeast",-48.56280548602923,-22.51618721317427
1704,"8b181ee5518df84f18f4e1a43fe07923","goioere","SP","Southeast",-53.025628604177484,-24.18593625529678
1705,"8b2492b7ff4468839593fafeed55bad9","sao goncalo","RJ","Southeast",-43.01399541493809,-22.829351276710426
1706,"8b28d096634035667e8263d57ba3368c","sao jose dos campos","SP","Southeast",-45.89802848030465,-23.202268092167245
1707,"8b2d4ab22f42c5cfc338b846decfda60","fazenda rio grande","PR","South",-49.30091769165864,-25.644495135616744
1708,"8b321bb669392f5163d04c59e235e066","sao paulo","SP","Southeast",-46.63942263256764,-23.538268511790662
1709,"8b655f0855926bcb49f5835d38dfddf6","osasco","SP","Southeast",-46.801349792666926,-23.527692837305896
1710,"8b87cd0d43d49b9bdf40f56229364d59","sao paulo","SP","Southeast",-46.63229226089599,-23.586392536105212
1711,"8b8cfc8305aa441e4239358c9f6f2485","londrina","PR","South",-51.167179746017865,-23.31260107304633
1712,"8b9d6eec4a7eb7d0f9d579ce0b38324d","mesquita","RJ","Southeast",-43.42233966246772,-22.770064916804245
1713,"8bb48dc19fccaa8613b6229bf7f452a2","assis","SP","Southeast",-50.437555529853796,-22.67568027378032
1714,"8bd0e3abda539b9479c4b44a691be1ec","tres de maio","RS","South",-54.23551840843682,-27.776575904388324
1715,"8bd0f31cf0a614c658f6763bd02dea69","sao paulo","SP","Southeast",-46.64936937401518,-23.54594454397298
1716,"8bdd8e3fd58bafa48af76b2c5fd71974","sao paulo","SP","Southeast",-46.611321773237286,-23.569490695195093
1717,"8c0de775f52fe41590b376a3b7c50f68","sumare","SP","Southeast",-47.20596316089543,-22.804314962307647
1718,"8c16d1f32a54d92897cc437244442e1b","blumenau","SC","South",-49.07692500050797,-26.949942687634756
1719,"8c351ed7c326c62123318f4f3246e906","praia grande","SP","Southeast",-46.41912533835566,-24.00892314920891
1720,"8c3b533c63cca56240f94f1e3a6b18ef","belo horizonte","MG","Southeast",-43.895245036379826,-19.898569593157415
1721,"8c5e007d7bd5693fa1386ffefbc99f6c","indaiatuba","SP","Southeast",-47.227975141375694,-23.13411287780508
1722,"8c91bfea4263b8fba54081460693e2a1","horizontina","RS","South",-54.31036031755508,-27.627277989445275
1723,"8c9348f33ae3dada25c99c99ade2af78","carapicuiba","SP","Southeast",-46.8242502911643,-23.567386494897914
1724,"8ca1551acf9832a4cf467bbbac15851f","campo largo","PR","South",-49.51131950259274,-25.45348138926871
1725,"8ca5b19e0263150d2c57afdde2b3d011","maua","SP","Southeast",-46.415286664885194,-23.663212563450802
1726,"8cb7c5ddf41f4d506eba76e9a4702a25","anapolis","GO","Central-West",-48.93962957040372,-16.33320358612409
1727,"8cbac7e12637ed9cffa18c7875207478","jaragua do sul","SC","South",-49.11565414149588,-26.47103678845181
1728,"8cc6a0e5738e61a87b03c78b2ba9db4b","andradas","MG","Southeast",-46.57354819165934,-22.07047143353818
1729,"8ccf3cf69651cc1d8a02c8bfaf3b8568","rio claro","SP","Southeast",-47.57768122006807,-22.39213658183407
1730,"8cf21434553b02cbd37c0bbd07e041b0","sao jose","SC","South",-48.61619711429363,-27.59580821471887
1731,"8d46553a36e68f95350a200c12f8f2e2","campinas","SP","Southeast",-47.142925230302346,-22.975100456164604
1732,"8d79c8a04e42d722a75097ce5cbcf2ef","caucaia","CE","Northeast",-38.65536409195578,-3.766765995603741
1733,"8d899e15a5925f097cca50faa49b15e3","sao roque","SP","Southeast",-47.148670759327565,-23.53171637882901
1734,"8d92f3ea807b89465643c219455e7369","sao paulo","SP","Southeast",-46.60714574002063,-23.540735445893063
1735,"8d956fec2e4337affcb520f56fd8cbfd","sao bernardo do campo","SP","Southeast",-46.53726820837794,-23.715049594657156
1736,"8daab2245ebdc277c51098d01c5ad8ef","sao paulo","SP","Southeast",-46.412308355751016,-23.55384247002896
1737,"8dd386be0767c330276ea6a3f96532d3","paulo lopes","SC","South",-48.68271760811336,-27.978665492288247
1738,"8de8fe3af4449ed695d2434c933ed73e","sao paulo","SP","Southeast",-46.64754185786534,-23.53616739991495
1739,"8def3db7f272735afb2ecd03aeca09a7","rio de janeiro","RJ","Southeast",-41.33204541278837,-21.75650602388155
1740,"8dfbc5ff27df12f6cef751d3b9554222","curitiba","PR","South",-49.26500692384353,-25.456349625618472
1741,"8e29d051f810eb22959ede205b462b9f","mirassol","SP","Southeast",-49.52890704878265,-20.811510502211757
1742,"8e2b3afb420011ef0c88c9d5f11ea526","campinas","SP","Southeast",-47.11184149169856,-22.93198016932755
1743,"8e34331b7eedd03be4e5d965c1956225","sao paulo","SP","Southeast",-46.63631366826861,-23.589118759742828
1744,"8e4f041ff58e7845456d3482524014b3","porto alegre","RS","South",-51.188586365945525,-29.981609930830203
1745,"8e670472e453ba34a379331513d6aab1","juiz de fora","MG","Southeast",-43.42528623659742,-21.706930660270253
1746,"8e6cc767478edae941d9bd9eb778d77a","araguari","MG","Southeast",-48.20499335469827,-18.645099494741665
1747,"8e6d7754bc7e0f22c96d255ebda59eba","sao jose dos campos","SP","Southeast",-45.88690913568317,-23.246680687314193
1748,"8e8a7ce9f2f970dc00e2acf6f6e199f6","sao goncalo","RJ","Southeast",-43.00309374212152,-22.82262430684135
1749,"8ea394aed8138685abe1eb9f25e1021d","sorocaba","SP","Southeast",-47.518579280491025,-23.501131587536285
1750,"8eb88b0acb3f90a717ad659221471fa7","cacador","SC","South",-51.02952456825458,-26.775704753869572
1751,"8ec76bb0965af3f007692b26fa9d6623","criciuma","SC","South",-49.387054719568205,-28.69121147375418
1752,"8ed8ea9a57c862f2c18c2fe41f601d56","blumenau","SC","South",-49.08294434567543,-26.89659436524994
1753,"8f0fbe2cd4d472157dc1cdef6edecaa9","sao paulo","SP","Southeast",-46.67972964801389,-23.48800287823144
1754,"8f119a0aee85c0c8fc534629734e94fd","barueri","SP","Southeast",-46.8599234853307,-23.510921698357677
1755,"8f2b51a30523cdecddc2f179f351c7d6","sao paulo","SP","Southeast",-46.70632870596711,-23.743497549425403
1756,"8f2ce03f928b567e3d56181ae20ae952","pirituba","SP","Southeast",-46.72898406045395,-23.492024033813998
1757,"8f54d64f28a993550aa7943f12572959","ipatinga","MG","Southeast",-42.54717532598178,-19.499290040031877
1758,"8f580d36c1e9d6fbce95283403c7d447","ribeirao preto","SP","Southeast",-47.78842912306861,-21.17989319210998
1759,"8f78f0903005064036736c7173a5c2ed","tiradentes","MG","Southeast",-44.17477905963709,-21.109807916044414
1760,"8fb67a334bacec338885b4e9e1708073","toledo","PR","South",-53.73495778703588,-24.71295584259675
1761,"8fb791022c1fc8909664f48ab7dc636d","sao paulo","SP","Southeast",-46.49758166095671,-23.612067535693413
1762,"8fbd63429be6d3e5e6d1a709b6464802","santo andre","SP","Southeast",-46.50501034876412,-23.689444627914774
1763,"8fbe2ee446b97e128471be4ce983dc0d","sorocaba","SP","Southeast",-47.41672110932449,-23.419167901610297
1764,"8fd3b4468f6425810648177996c14cbd","sao jose do rio preto","SP","Southeast",-49.379027917410916,-20.819120747840632
1765,"8fdca8e349553f99bc738833a62c8802","sao paulo","SP","Southeast",-46.567467709487815,-23.507787143908228
1766,"8fe8786ee000001ab51d030dfd4a7bf1","paulo lopes","SC","South",-48.68271760811336,-27.978665492288247
1767,"8fec2e460530482132c436cfb5439925","laranjal paulista","SP","Southeast",-47.83762131131263,-23.04955173261455
1768,"8ff1a9df749e454105c55cda13e79143","marilia","SP","Southeast",-49.94566118521493,-22.212335154405462
1769,"8ff38bc3969e67c36c48343a07090f66","sao paulo","SP","Southeast",-46.43493844446315,-23.565855116526446
1770,"8fff28c4263ddec387f28d237fb42773","sao paulo","SP","Southeast",-46.73993690651195,-23.582541073649484
1771,"900ba814c251a692506d7834c1218441","salto","SP","Southeast",-47.33865064197116,-23.175066042459644
1772,"901b460cdce0c64e471230d7f2f9f3a3","porto alegre","RS","South",-51.20192263924158,-30.049924834136878
1773,"902c99f1ac505c0d18778b61bcd636f7","mogi guacu","SP","Southeast",-46.93816713358191,-22.366040649505837
1774,"903037660cf848a717166eb7a06d616e","sao paulo","SP","Southeast",-46.7434681207222,-23.62569896288815
1775,"90b36c5aeb728d5504a39f435bef0c5f","conchal","SP","Southeast",-47.1683209783616,-22.338398569332107
1776,"90b57083da5d803237da74daec6dcb2b","curitiba","PR","South",-49.29776849784536,-25.433759382431628
1777,"90d4125885ab6c86e8820a722be71974","taboao da serra","SP","Southeast",-46.791486998615,-23.623192318731423
1778,"910a922b426b7ff95eaee129ad6c0e1f","sao jose do rio preto","SP","Southeast",-49.38916453524917,-20.806706931018397
1779,"913fd0ebba70bb919f7254a02239173c","blumenau","SC","South",-49.103069858381296,-26.871700394254578
1780,"9140bd1d9de28b197dce077bdd687438","amparo","SP","Southeast",-46.76632136777288,-22.703127966651618
1781,"9140ef75cc8211c4035935e80e567204","maringa","PR","South",-51.95833421266875,-23.428319760676164
1782,"91543f9849d68d023e17194926598543","blumenau","SC","South",-49.112263234420354,-26.914469334728032
1783,"916748bc99315c2d202898ae58b1617e","sorocaba","SP","Southeast",-47.469705263932234,-23.50554795017668
1784,"916c9de0b5ad957346eeeb12f332687e","curitiba","PR","South",-49.28860985729242,-25.448990860825614
1785,"918717417d88a9f9ae9735567e6c7682","sao paulo","SP","Southeast",-46.77250541665594,-23.593289291903176
1786,"918f6fbcf3ab724d805867303e593a1b","valinhos","SP","Southeast",-46.97742204543268,-22.94721019444198
1787,"9198786624eaeb375793215cad26cfa6","rodeio","SC","South",-49.350562973333936,-26.889322403539182
1788,"91f0eec23d4a61d7d7caeefa3f0ad1ca","tubarao","SC","South",-49.01172864670753,-28.475921543742647
1789,"91f5779a8731baca4809fdeade81803f","barra mansa","RJ","Southeast",-44.18418378950799,-22.524398274567222
1790,"91f848e9f4be368f4318775aac733370","sao paulo","SP","Southeast",-46.618173551632395,-23.52982460593583
1791,"9200e6ce317b67196b6b0bad4d4bd567","rio de janeiro","RJ","Southeast",-43.28157899070826,-22.886545226178782
1792,"921323538c9f1c4e816f2720eac02bea","sao paulo","SP","Southeast",-46.64072797271628,-23.551881657731418
1793,"9261d76c62caaf0b24677c2ceb7f8f20","palhoca","SC","South",-48.63349416431826,-27.753926417441956
1794,"92992bec39dde5766f590d3b1f46d465","sao paulo","SP","Southeast",-46.64041103217349,-23.632467814268665
1795,"929f342384a6607afe143d789ade1316","londrina","PR","South",-51.203187655513645,-23.303868607363356
1796,"92c8bc6e8f925792247656fed09aad65","sao paulo","SP","Southeast",-46.52272883054042,-23.57805737279869
1797,"92d14edfb62ee5ae7fdff70b0f4e7233","sao bernardo do campo","SP","Southeast",-46.564753092486725,-23.719576291836983
1798,"92eb0f42c21942b6552362b9b114707d","sao paulo","SP","Southeast",-46.53822847017661,-23.53755537000389
1799,"9315e491484b1b0081ca166fc164108d","londrina","PR","South",-51.14179623490433,-23.320821130920258
1800,"933446e9a59dece7ae9175103820ca8f","curitiba","PR","South",-49.226688173955246,-25.508622878279315
1801,"934ed5cd1b9c1c7382d0a94a94b9e639","curitiba","PR","South",-49.303836794009264,-25.48933940885059
1802,"939e6227d6964a11a70aa91243e418f2","conselheiro lafaiete","MG","Southeast",-43.797692453243,-20.65342074575615
1803,"939f6e231201f26803cb5c3a3d2940b3","bauru","SP","Southeast",-49.09994406784406,-22.33098509272632
1804,"93b9a99027bd8bd6af682aff18dd19bf","mairipora","SP","Southeast",-46.59712215964799,-23.329721686232062
1805,"93bef6edaa84956e8e575016449b6351","sao paulo","SP","Southeast",-46.48484332598024,-23.54200078539242
1806,"93dc87703c046b603023e75222018b45","belo horizonte","MG","Southeast",-43.93090361544768,-19.953802807940583
1807,"94144541854e298c2d976cb893b81343","viamao","RS","South",-51.05330632286344,-30.077760743041143
1808,"941554c5757b73ba0e50aa7732310afc","sao paulo","SP","Southeast",-46.6306094165635,-23.6118926985818
1809,"94165aea8a35c3c21499cbcae239b16c","uberlandia","MG","Southeast",-48.30947065944327,-18.950237259905315
1810,"94231344608e603693b0a8891143f65d","porto alegre","SP","Southeast",-51.16694720484587,-30.068075416697386
1811,"9449f25aeaf531019b76999ea49a6949","rio de janeiro","RJ","Southeast",-43.25269222978845,-22.85826717262727
1812,"9485a23c0430ba1d58d359391606fce6","santo andre","SP","Southeast",-46.523183340521726,-23.659363636440858
1813,"94b9108d4b637ba65bb4f1e53cfcf8d8","guarulhos","SP","Southeast",-46.47270968246171,-23.47120534528199
1814,"94c49f20a123aeb9360dbf80ff912bf6","sorocaba","SP","Southeast",-47.430450592561066,-23.502754626563185
1815,"94ca168e8bcb407ab85c5da308863027","clementina","SP","Southeast",-50.445800319817664,-21.560184913176553
1816,"94d76e96eedd976258cd3278ce56d5f2","sao roque","SP","Southeast",-47.14000062242054,-23.51785667889076
1817,"94e93ce877be27a515118dbfd2c2be41","votuporanga","SP","Southeast",-49.985003954240284,-20.416363755330885
1818,"951e8cef368f09bb3f3d03c00ca4702c","ibitinga","SP","Southeast",-48.82974353343713,-21.757320637712766
1819,"9523fb39dd240aa958e040f8183d64f3","sao paulo","SP","Southeast",-46.6186169730581,-23.56925274057871
1820,"9535a841eecebed61a9fb1ac1cbb5597","sao paulo","SP","Southeast",-46.63898204602016,-23.538660495662256
1821,"9539213aa8e023c01937bef95dc006da","sao paulo","SP","Southeast",-46.50250781663176,-23.51476791010142
1822,"954e95f20808d7e5d11f0de292d078e0","joao monlevade","MG","Southeast",-43.170408968379554,-19.814703705251677
1823,"9558aa23f77a9e0a0eca83540999f43b","apucarana","PR","South",-51.486818246345855,-23.557357614686314
1824,"955fee9216a65b617aa5c0531780ce60","sao paulo","SP","Southeast",-46.703810106207634,-23.691013046281817
1825,"9591fc341b1bfb7ef561e2968ec6e011","sao paulo","SP","Southeast",-46.67796462779877,-23.685732516732614
1826,"9596c870880d900012f2e8e6e30d06d7","varginha","MG","Southeast",-45.44863686202702,-21.58952086628982
1827,"9599519be538b98748162a2b48248960","sao paulo","SP","Southeast",-46.675109589900636,-23.5345734034924
1828,"95b293867b5862941c9cd74f756a3c68","sao paulo","SP","Southeast",-46.47107205776288,-23.52685922041741
1829,"95cca791657aabeff15a07eb152d7841","palotina","PR","South",-53.837677556703376,-24.285797204852866
1830,"95e03ca3d4146e4011985981aeb959b9","rio de janeiro","RJ","Southeast",-43.30242672582641,-22.843731406376143
1831,"95ec4458365c4d11f452ccf538377619","limeira","SP","Southeast",-47.407128587319605,-22.60000425928191
1832,"95f83f51203c626648c875dd41874c7f","borda da mata","MG","Southeast",-46.17112394057631,-22.262584130235293
1833,"960945e1a9535cbc0cd6ddd35fbe7ae8","sao paulo","SP","Southeast",-46.452661287455506,-23.55364177873547
1834,"9616352088dcf83a7c06637f4ebf1c80","umuarama","PR","South",-53.300729585266936,-23.751737598100476
1835,"961dff0a659b4561334372337dd897d9","rio de janeiro","RJ","Southeast",-43.35349069066134,-22.842510033295916
1836,"9646c3513289980f17226a2fc4720dbd","sao jose dos campos","SP","Southeast",-45.87164627370401,-23.18545241916594
1837,"96493fab2fbb13a14d0c0e8772eef5c3","sao paulo","SP","Southeast",-46.73503172743777,-23.585935432230205
1838,"964ff64dc05b13811c6d0f41e0aa5f6b","sao paulo","SP","Southeast",-46.62202394660563,-23.628441671418855
1839,"966cb4760537b1404caedd472cc610a5","diadema","SP","Southeast",-46.623333307785806,-23.68166159783415
1840,"9674754b5a0cb32b638cec001178f799","sao paulo","SP","Southeast",-46.66989690432334,-23.67656984888084
1841,"96804ea39d96eb908e7c3afdb671bb9e","ibia","MG","Southeast",-46.56160823512747,-19.51503918073984
1842,"968268a686aa05d1f529fb07dff08130","sao paulo","SP","Southeast",-46.6300891882054,-23.568944498063477
1843,"968ee78631915a63fef426d6733d7422","erechim","RS","South",-52.2730491223361,-27.636045816504996
1844,"96e5dc09087bad639b4ee193104ec2e5","bom jardim","RJ","Southeast",-42.416864954794434,-22.1596882107987
1845,"96f7c797de9ca20efbe14545bed63eec","cravinhos","SP","Southeast",-47.73735255699762,-21.339319962321323
1846,"972d0f9cf61b499a4812cf0bfa3ad3c4","brusque","SC","South",-48.95791797799666,-27.14779223406619
1847,"973f21788dfab357250f69a8dcb7ddee","claudio","MG","Southeast",-44.76203405975945,-20.437204870234993
1848,"974cf2cb8f4b7add98709c30df02fe10","araraquara","SP","Southeast",-48.180222226584,-21.772225708483816
1849,"97512d3fc193b2d1dfcdba0f9d1f0f8a","sao paulo","SP","Southeast",-46.461300810486996,-23.561185904622896
1850,"977f9f63dd360c2a32ece2f93ad6d306","tabatinga","SP","Southeast",-48.68760090111701,-21.737063142421785
1851,"979e9f8b5b39dd243a2550c8b05aecf0","sao paulo","SP","Southeast",-46.61200044104113,-23.625475455621878
1852,"97e4a63591ca439a2b8b7efd20e6e19e","rio de janeiro","RJ","Southeast",-43.231846424609124,-22.926258825257296
1853,"97e50a621f8e801f4baf69e08687c192","sao paulo","SP","Southeast",-46.60113477069717,-23.58616507419856
1854,"97e995629983723d11830a829bc2b246","lorena","SP","Southeast",-45.10876763793232,-22.731494876815475
1855,"9803a40e82e45418ab7fb84091af5231","rio verde","GO","Central-West",-50.916494660436,-17.80450072692499
1856,"980640c45d7a4635885491d077167e4d","rio claro","SP","Southeast",-47.560436700322384,-22.425778361057304
1857,"98115075dd26cb8835946fc6086f5d30","ao bernardo do campo","SP","Southeast",-46.59524050907027,-23.67339363342445
1858,"984c273121e743dd14767befe6cb17f5","americana","SP","Southeast",-47.29428475108322,-22.705059493303764
1859,"9853a239ab7b7ebbdc3a21248d5b8e1f","campo largo","PR","South",-49.538963646217745,-25.472311300959113
1860,"985c92cc412091f8529c12d7f23d3fef","sao joao del rei","MG","Southeast",-44.262165019087774,-21.134454549709325
1861,"989becdce12ebc39863c2bceab6f3ca1","curitiba","PR","South",-49.226688173955246,-25.508622878279315
1862,"98dac6635aee4995d501a3972e047414","sao paulo","SP","Southeast",-46.62468256911272,-23.505871338521402
1863,"98dddbc4601dd4443ca174359b237166","sarandi","PR","South",-51.869960318427,-23.448041264613487
1864,"98e164d549402270247f3c96a1a158ef","sao paulo","SP","Southeast",-46.71679681649911,-23.532956160041547
1865,"98f52e1020fe788c10c0418de4393fec","macae","RJ","Southeast",-41.75630392529991,-22.339397511937932
1866,"99002261c568a84cce14d43fcffb43ea","cuiaba","MT","Central-West",-56.0514968116184,-15.66015569626835
1867,"9906e7aa42a3c067b7c9a564d01c4320","maringa","PR","South",-51.9771308204789,-23.445068629664828
1868,"994f04b3718c2bab35c2adfa8afecd2a","jaguariuna","SP","Southeast",-46.983325913689576,-22.687275506720226
1869,"9996ae921c50e8dff411ac69c0b4bb8b","tupa","SP","Southeast",-50.52481882516592,-21.93506719324893
1870,"999f6d9a1c7c81f43be44c6b7d076210","sao paulo","SP","Southeast",-46.78917946328692,-23.43350078364711
1871,"99a25c39b28a74d1151c35c18d178292","sao paulo","SP","Southeast",-46.56815995594542,-23.472602604059695
1872,"99a54764c341d5dc80b4a8fac4eba3fb","sao paulo","SP","Southeast",-46.55995457781836,-23.57734689560548
1873,"99cd94252748d2bdde08e17858233602","sao paulo","SP","Southeast",-45.46440222679634,-22.920186332834533
1874,"99eaacc9e6046db1c82b163c5f84869f","franca","SP","Southeast",-47.401380546896085,-20.538924680582515
1875,"9a03a4e9eb0b947652fae4f6121a3f5e","catanduva","SP","Southeast",-48.96331895137842,-21.12241501822202
1876,"9a1aea68d3efa00862ec88c0768037d0","catanduva","SP","Southeast",-48.958771214457656,-21.132611570322496
1877,"9a208dee8f95cfdf00760c4d627828ec","belford roxo","RJ","Southeast",-43.40118902114117,-22.733091514554363
1878,"9a84ba99f5367fdbd4598363496f1ea2","luziania","GO","Central-West",-47.9564599598078,-16.262499271866016
1879,"9aa388272ee334b6ae07bc73706e254a","muriae","MG","Southeast",-42.399282851833995,-21.136388018041888
1880,"9ac4f14370b1e24ddc58be041b7f99df","jaragua","GO","Central-West",-49.33210533214991,-15.749187074941712
1881,"9ac75591b69c3402684b6ce0310f22ee","sao paulo","SP","Southeast",-46.672226855718876,-23.466680620069337
1882,"9add47bf45ce8e8c7db6b9cf670b1e09","fazenda rio grande","PR","South",-49.32801201663355,-25.67317666930261
1883,"9b00cad94ef3078faf6fba2e792c158f","janauba","MG","Southeast",-43.31032547167575,-15.80139862110408
1884,"9b00ed88b7fdb95d6ff76e27c1b52d16","sao paulo","SP","Southeast",-46.44479870320024,-23.53983233291429
1885,"9b013e03b2ab786505a1d3b5c0756754","vicente de carvalho","SP","Southeast",-46.30256477959018,-23.94195407899811
1886,"9b1050e85becf3ae99c1cf4934c9bc5d","montes claros","MG","Southeast",-43.862913638944754,-16.72197610145377
1887,"9b1585752613ec342d03bbab9997ec48","rio de janeiro","RJ","Southeast",-43.33359407042852,-22.935058480174064
1888,"9b1ab052f5fca308ba743ac789ebb2e1","pitanga","PR","South",-51.76595818161726,-24.7578464148576
1889,"9b1f656ca3060f8af17a50d8a024b533","santos","SP","Southeast",-46.325997442544626,-23.93770164050835
1890,"9b522ba7eae9e1d04082f267144583cc","sao paulo","SP","Southeast",-46.69441745015669,-23.74287739678984
1891,"9b76ad3d04236f76bc71c59470305e13","boituva","SP","Southeast",-47.67058614671448,-23.2874269483057
1892,"9bade61a92bed55a25d2b67b9f4ed739","sao jose dos pinhais","PR","South",-49.199509926836235,-25.538499348815012
1893,"9baf5cb77970f539089d09a38bcec5c3","indaiatuba","SP","Southeast",-47.21688683643497,-23.086339156484087
1894,"9bc484c87d79cd4874e05ca182658045","sao paulo","SP","Southeast",-46.63677317670024,-23.47174879024135
1895,"9bcdfa7b615b3abb9461d9e3ad9886ae","blumenau","SC","South",-49.081445858810056,-26.877298283986775
1896,"9bf11dfc0bec77e5a23028043c3c5a8f","contagem","MG","Southeast",-44.0422440467639,-19.894029624407654
1897,"9c068d10aca38e85c50202e17b4a7e88","coxim","MS","Central-West",-54.74875310212911,-18.50726515886232
1898,"9c0e69c7bf2619675bbadf47b43f655a","sao jose dos campos","SP","Southeast",-45.88784285021326,-23.224503345848696
1899,"9c1c0c36cd23c20897e473901a8fb149","praia grande","SP","Southeast",-46.438358319817674,-24.01439467431421
1900,"9c351405b754cc5ce3e2ecf277bb034a","sao paulo","SP","Southeast",-46.584372005908506,-23.584761557299654
1901,"9c3a1c416c765687bc79a04113269929","carmo da mata","MG","Southeast",-44.869172864848785,-20.55966811821635
1902,"9c3c24eca51c52b91c1de727d2a2ae06","caxias do sul","RS","South",-51.178313942502264,-29.16631381159491
1903,"9c4d31c7e46ab03a43fc06e3142afd4e","rio de janeiro","RJ","Southeast",-43.26783420069857,-22.88659325431333
1904,"9c54608f0996c32ae4743089d915f845","loanda","PR","South",-53.13587259427024,-22.9293837852093
1905,"9c57bc60cfad5ee62d35d3f1ce4593a1","curitiba","PR","South",-49.332558792176,-25.437196092611362
1906,"9c690ceacd5c66731bf443ea810195cb","camanducaia","MG","Southeast",-46.14001332890425,-22.755499744142995
1907,"9c7fd21e0aa159b20da593371f08ff7c","osasco","SP","Southeast",-46.80341057457763,-23.536524750087455
1908,"9cad4b68bb993ee401a3c5aaa2bc26dd","birigui","SP","Southeast",-50.3432673557328,-21.294953796324283
1909,"9cea4682e16655f7da87f406902e989e","araucaria","PR","South",-49.36104447895512,-25.544521880722876
1910,"9cf787a239c1aa29dbd76f153dc13f9a","franca","SP","Southeast",-47.38735911880558,-20.55362362743643
1911,"9d213f303afae4983637247556438ede","ibitinga","SP","Southeast",-48.82974353343713,-21.757320637712766
1912,"9d39404483343dd55c7ae254494d8388","sao paulo","SP","Southeast",-46.641452670153164,-23.545598238423416
1913,"9d489893ff6af05029671b785f54b998","leme","SP","Southeast",-47.404266712265496,-22.181647599313436
1914,"9d4db00d65d7760644ac0c14edb5fd86","sorocaba","SP","Southeast",-47.44346053722514,-23.51561244157366
1915,"9d5604a1f112324ad6b2aa552122e0fb","florianopolis","SP","Southeast",-48.579890126623155,-27.585486027486755
1916,"9d5a9018aee56acb367ba9c3f05d1d6a","aparecida de goiania","GO","Central-West",-49.33937440860811,-16.766552159923314
1917,"9d681c7e12db302cb261e721040dde65","curitiba","PR","South",-49.30737230197128,-25.4699735553138
1918,"9d69ba0a7a626a64dc5db08e529559cf","ribeirao preto","SP","Southeast",-47.79106291848944,-21.140244843952534
1919,"9d7a1d34a5052409006425275ba1c2b4","franca","SP","Southeast",-47.38735911880558,-20.55362362743643
1920,"9da15f4a4ea758d9eeb49000dbe57e22","osasco","SP","Southeast",-46.77128848275883,-23.520280407395532
1921,"9da1ca0bef29ee170e541927a5aeabdc","votuporanga","SP","Southeast",-49.97168387901125,-20.420269781817655
1922,"9dc79dd988ac42f4d56c340d7048420a","sao paulo","SP","Southeast",-46.49010130952278,-23.543150156894832
1923,"9dd459b29a14bf89d47183cf2cd0e4c7","sao paulo","SP","Southeast",-46.703808026500845,-23.63187200830408
1924,"9dd59e43f0c9f0553244e8f9c2fb247e","foz do iguacu","PR","South",-54.58482020405323,-25.541844711589423
1925,"9dda5bbacd45e18d6485fee649205d09","santa rita do sapucai","MG","Southeast",-45.70752067761215,-22.247210939506793
1926,"9de4643a8dbde634fe55621059d92273","joinville","SC","South",-48.808225645269516,-26.249547532553304
1927,"9df5750209b83567ec144eb299d7d634","sao leopoldo","RS","South",-51.130685163300726,-29.776533866839504
1928,"9e17b9d64683aebcbb9ee362d06463b4","ribeirao preto","SP","Southeast",-47.802366376021745,-21.201064692224886
1929,"9e25199f6ef7e7c347120ff175652c3b","taubate","SP","Southeast",-45.58565201409072,-23.012008743429288
1930,"9e6229250fedbe05838fef417b74e7fb","mirandopolis","SP","Southeast",-51.10318656308273,-21.13250367769362
1931,"9e6967d3cf386d284251784b18ccb485","sao caetano do sul","SP","Southeast",-46.55188178218849,-23.6174243030369
1932,"9e7c5f4d7770eab65738cca38f9efccf","sao paulo","SP","Southeast",-46.67379824356864,-23.48686598302112
1933,"9e94fa26a70ede4d26226e918e8706a2","sao carlos","SP","Southeast",-47.87949202618188,-22.03032264278144
1934,"9e9b539eb2806acee3f5c28085c1db9f","contagem","MG","Southeast",-44.041858587022176,-19.94162809920232
1935,"9ed65337433adfbedefd23dd76eaa494","sao paulo","SP","Southeast",-46.704450419432995,-23.55896457497226
1936,"9ef932e837d8b7f392c0bfee9d359dc2","ibitinga","SP","Southeast",-48.82974353343713,-21.757320637712766
1937,"9f50216bfd01913736a55a11b55ea842","taubate","SP","Southeast",-45.55908211584209,-23.02428090518156
1938,"9f505651f4a6abe901a56cdc21508025","sao paulo","SP","Southeast",-46.632613806421325,-23.589847401363585
1939,"9f56a7a649097b166d8ed286ad86a15c","rio de janeiro","RJ","Southeast",-43.258727578503766,-22.871441098801014
1940,"9fbd5666d8618fa571c4230fafa09bd6","sao paulo","SP","Southeast",-46.66328463779025,-23.64003625615019
1941,"9fc70243fb26800cba56e8f014797004","belo horizonte","MG","Southeast",-43.90615804521914,-19.92134251922916
1942,"9fe7c6641c79970ab48185498f547c09","sao paulo","SP","Southeast",-46.57334683733354,-23.59512090536768
1943,"a00824eb9093d40e589b940ec45c4eb0","bofete","SP","Southeast",-48.26247044881958,-23.110602286087342
1944,"a0415d9b25ede3c4b1e477e9916ffc03","nova iguacu","RJ","Southeast",-43.456651013810664,-22.760838936119505
1945,"a066df7361163e7ddc5d7452dd17448b","franca","SP","Southeast",-47.38740999652927,-20.52861928433883
1946,"a06c8ff043abea0528ee44171e2140a2","divinopolis","MG","Southeast",-44.90191602362892,-20.162109146386353
1947,"a080fc8a850289b27500f6b49cca2553","sao paulo","SP","Southeast",-46.53127968561288,-23.57999807539269
1948,"a08692680c77d30a0b4280da5df01c5a","sao paulo","SP","Southeast",-46.706958480611,-23.632941446215067
1949,"a09a13f18ed27932d08438aa6f12756e","sapiranga","RS","South",-51.007824148557695,-29.636550613199034
1950,"a0a14e50070f3225b3eabba5b85da517","curitiba","PR","South",-49.278123419246675,-25.539419304830485
1951,"a0d7fbb07bb5ebc3b05980e750db56f3","ferraz de vasconcelos","SP","Southeast",-46.36585649268777,-23.544814881452595
1952,"a0e19590a0923cdd0614ea9427713ced","sao jose dos pinhais","PR","South",-49.090135964515824,-25.53359815522883
1953,"a1040efe9ff4a6f93c28b0499eada8f5","jundiai","SP","Southeast",-46.8850883285652,-23.220872853278067
1954,"a1043bafd471dff536d0c462352beb48","ilicinea","MG","Southeast",-45.82723735222764,-20.9405775328866
1955,"a11a0e0ca67423425691db355cff69b0","indaiatuba","SP","Southeast",-47.21688683643497,-23.086339156484087
1956,"a13580f0e8f782b7a543885a0ef99f08","rio de janeiro","RJ","Southeast",-43.46551954103294,-23.012986504226507
1957,"a13aaf2d2886ab9fb30fb9a920160b8f","joinville","SC","South",-48.82953141516657,-26.323116974041866
1958,"a1474fd46fd3430168f7ec202da39408","pinhais","SP","Southeast",-49.17697276075929,-25.446809987466867
1959,"a150c540f572d0fb53992264bc5c10b5","sorocaba","SP","Southeast",-47.46202591726421,-23.501008718763483
1960,"a1544b9ea0b2390e020537d4daa89049","jundiai","SP","Southeast",-46.921573347175155,-23.189420416902394
1961,"a154d7316f158bb42e6fa18bbe3afd3a","sao paulo","SP","Southeast",-46.48329854879862,-23.499143398150068
1962,"a17f621c590ea0fab3d5d883e1630ec6","sorocaba","SP","Southeast",-47.50160216407419,-23.497316500688576
1963,"a1bea7061f61f6fdd9a85a6325ba1033","carapicuiba / sao paulo","SP","Southeast",-46.84578284021311,-23.520892321810766
1964,"a1bea9970d8f65b240555f99c2214f7f","pinhais","PR","South",-49.19396558589783,-25.437225932288545
1965,"a1ed30492b3b798bc121845bc4aa7366","sao paulo","SP","Southeast",-46.69212962368637,-23.62940761634312
1966,"a20d8058c866dbaeca014d2cd20ac62e","sao jose dos campos","SP","Southeast",-45.88381771655036,-23.178000475176177
1967,"a213f1bd6458f4a158f3746cb2514559","maringa","PR","South",-51.89433304784449,-23.401267513818837
1968,"a218df5c097b0ca409cfaac1488cc7f6","araraquara","SP","Southeast",-48.158815794108364,-21.75125793732588
1969,"a21c11ec5c3f03e7cc9f9203bff9e1c6","santana de parnaiba","SP","Southeast",-46.91529507169106,-23.461573403635924
1970,"a23266650e7c84bb93fbbba502137478","porto alegre","RS","South",-51.209674184414396,-30.02113692774557
1971,"a247197e2e9c19a6a53a6888cb8b660f","sao jose do rio preto","SP","Southeast",-49.340918115176514,-20.774165285757626
1972,"a254c682cc01e119f83530446f1df9a9","cafelandia","SP","Southeast",-49.602212692890156,-21.803200599395232
1973,"a2a41aedb70551d4a85aa04dc2fced48","sao paulo","SP","Southeast",-46.679059044906474,-23.689349532967476
1974,"a2b5b6105ea5942300631d2e76f4ffe0","osasco","SP","Southeast",-46.768160950530145,-23.514445473398528
1975,"a2b911e9ad40dc7d61c142a4683e2d85","barra mansa","RJ","Southeast",-44.23261292062814,-22.545549881862083
1976,"a2deecd5398f5df4987110c80a1972a3","sao paulo","SP","Southeast",-46.691691746509825,-23.525700606115244
1977,"a2e85714b56b1cb6bb24a9a6e6cad36f","miguelopolis","SP","Southeast",-48.027801720573265,-20.182732189905018
1978,"a2e874074c877c5a05abae80ad6e488f","sao jose do rio preto","SP","Southeast",-49.36232011848669,-20.81800721406711
1979,"a2fa0bdc798ee84cdb08281337cf4fb6","florianopolis","SC","South",-48.490773516662365,-27.68168782191655
1980,"a3082f442524a1be452e3189e003b361","curitiba","SP","Southeast",-49.217558003508486,-25.486783628777115
1981,"a35124e2d763d7ca3fbe3b97d143200f","sao paulo","SP","Southeast",-46.644833875540314,-23.601426675448273
1982,"a353b1083c9863d756d9404695016d64","cariacica","ES","Southeast",-40.377627770866894,-20.32247630196992
1983,"a35ef466c6fd6d052f5d241240d3c5e2","novo hamburgo","RS","South",-51.16542094148269,-29.682879324211484
1984,"a369d693961cb93b61ca2cc518872a85","sao jose do rio preto","SP","Southeast",-49.36263006718715,-20.844794690892613
1985,"a36ac007a4d18f865c8d32c3b2402c2d","barueri","SP","Southeast",-46.84970162869302,-23.501123941885815
1986,"a36b125ac6d5fdbc7f50de85c9157bdc","ribeirao preto","SP","Southeast",-47.802366376021745,-21.201064692224886
1987,"a37c340b91cb0169e8b029db6440fba2","sao paulo","SP","Southeast",-46.64044939164154,-23.687366153961626
1988,"a3a38f4affed601eb87a97788c949667","joinville","SC","South",-48.8518015892504,-26.28730662064822
1989,"a3b0df0065e264a91b7bbf5f844af5cd","sao bernardo do capo","SP","Southeast",-46.5475254638554,-23.71964586603909
1990,"a3b42d266fa8afc874b909422ce88582","orlandia","SP","Southeast",-47.87953500680894,-20.716823599737296
1991,"a3dd39f583bc80bd8c5901c95878921e","salvador","BA","Northeast",-38.40540238991362,-12.901987911198415
1992,"a3e9a2c700480d9bb01fba070ba80a0e","ibitinga","SP","Southeast",-48.82974353343713,-21.757320637712766
1993,"a3f0b55de503387383c7b1de3ad7f678","curitiba","PR","South",-49.344437579806964,-25.394747235498826
1994,"a3fa18b3f688ec0fca3eb8bfcbd2d5b3","sa╠âo paulo","SP","Southeast",-46.683338148844896,-23.60298171671886
1995,"a414555ce331b8c8aea4a9cb8395194d","sao paulo","SP","Southeast",-46.54152974201263,-23.52823824493555
1996,"a416b6a846a11724393025641d4edd5e","sao paulo","SP","Southeast",-46.54737185794935,-23.515977900238095
1997,"a420f60ff1aa9acc80d0e42959f2b313","sao paulo","SP","Southeast",-46.73414273203397,-23.484769700217907
1998,"a425f92c199eb576938df686728acd20","curitiba","PR","South",-49.3020273557388,-25.490559269496057
1999,"a435b009cd956ea60748b5cfbddf2e24","franca","SP","Southeast",-47.433583875541835,-20.536613759556865
2000,"a44fb5a447105f8469bdf16bf9159f25","porto alegre","RS","South",-51.24389587828227,-30.111750866550842
2001,"a45314082d50d578a4721c9787ce09ab","mirassol","SP","Southeast",-49.50692752488185,-20.814771998995376
2002,"a45765f8afb1e594b22bf9e974b46765","sao paulo","SP","Southeast",-46.6243233037533,-23.475647989606816
2003,"a478c7961d6a992065b24e63b366f90b","blumenau","SC","South",-49.09395375152906,-26.918216834656107
2004,"a49928bcdf77c55c6d6e05e09a9b4ca5","sao paulo","SP","Southeast",-46.61093956663343,-23.536603102561827
2005,"a4b6b9b992b46e9ef863637af96e04bc","florianopolis","SC","South",-48.59546881743506,-27.592213711847208
2006,"a4b8d97cd5d3674eeff96abc99d8ed67","sumare","SP","Southeast",-47.226570221333034,-22.80928036371711
2007,"a4bd6e9adf39b63f43dc545d3ca1f53d","rio de janeiro","RJ","Southeast",-43.27614378416552,-22.835828487618866
2008,"a4e634166243bbb3a13fa584463fa468","osasco","SP","Southeast",-46.772058721455856,-23.50655625612318
2009,"a4fc6eadaff1576af888509a53420f6a","sao caetano do sul","SP","Southeast",-46.55693757893049,-23.639014704435137
2010,"a513150f33f99a06569e9cd5c4bb889b","sao paulo","SP","Southeast",-46.61831033162643,-23.580974143098487
2011,"a5259c149128e82c9d6d46e0c1c812bb","ji parana","RO","North",-61.95841508458224,-10.877222238932791
2012,"a53f60f05f822b5c621a50ff6a5cb362","uberlandia","MG","Southeast",-48.27413981278631,-18.873998221431012
2013,"a56a8043ebf66e42119618fb8cf232c6","joinville","SC","South",-48.87083438138223,-26.25131621441018
2014,"a56e351445e5863fc8960640ba9190c7","itajai","SC","South",-48.63936784351653,-26.93935158546252
2015,"a5a1bfcf728ab0e19182959cf0771ee4","socorro","SP","Southeast",-46.50720671996105,-22.596373040143572
2016,"a5bff0f43eb51f0cad7c37fac7244c8a","sao paulo","SP","Southeast",-46.70178250029261,-23.721614977225546
2017,"a5cba26a62b8b4d0145b68b841e62e7f","campo mourao","PR","South",-52.37564132582676,-24.03407848867965
2018,"a5dd1946fb63ada8bcaa0c9cd8f11e22","caruaru","PE","Northeast",-35.966465993202384,-8.285687286216563
2019,"a5ff20ff766e7f50bd5066f33da14413","sao paulo","SP","Southeast",-46.736414231417946,-23.592234893589836
2020,"a61cc04793308395a840807104365121","jarinu","SP","Southeast",-46.71792466026417,-23.096492254601642
2021,"a63bfbaa882c8f4542891b4e2246cc7f","niteroi","RJ","Southeast",-43.04313417662492,-22.94115559665642
2022,"a64e44665225d19dfc0277eeeaaccc57","sao paulo","SP","Southeast",-51.84496960410868,-21.874288279503787
2023,"a663d9c3797e90eac99ff60939416a56","sao paulo","SP","Southeast",-46.488694256580914,-23.58654972414457
2024,"a673821011d0cec28146ea42f5ab767f","sao paulo","SP","Southeast",-46.47631091396907,-23.490663503446214
2025,"a67780aba9dd436e7ac0aa1f889e73ec","presidente prudente","SP","Southeast",-51.42117966623061,-22.112262423842854
2026,"a69aa24cec11168e7e39a3fbc727e925","carapicuiba","SP","Southeast",-46.82833863237432,-23.55551845084748
2027,"a6bd7d1ccdac48c6b33b28596b7eb122","mamanguape","PB","Northeast",-35.126887193067326,-6.837168594957801
2028,"a6fe7de3d16f6149ffe280349a8535a0","franca","SP","Southeast",-47.38740999652927,-20.52861928433883
2029,"a70e9066dbfd10b6b97a3f54a1356762","mandaguari","PR","South",-51.677663357935636,-23.52211658938186
2030,"a72c2f59332659e361d647515c698798","flores da cunha","RS","South",-51.18315454628768,-29.035257065411397
2031,"a72f15980dc3e9bfd1a49ac9b2f3af65","marilia","SP","Southeast",-49.96150594898238,-22.15880124499384
2032,"a7a9b880c49781da66651ccf4ba9ac38","itirapina","SP","Southeast",-47.8154311245141,-22.252002596014556
2033,"a7b7354cc588f7566a848bcbb1ce3d96","sao paulo","SP","Southeast",-46.64754185786534,-23.53616739991495
2034,"a7c53f6b3b61adbdaa99dda97e8cbd56","barretos","SP","Southeast",-48.57186491314685,-20.556279636011347
2035,"a7c88262832dfc683781d6a421edefae","mogi das cruzes","SP","Southeast",-46.1955458411618,-23.522840094345344
2036,"a7d0f8dd44f57ef6de7f7f02e3d82630","sao paulo","SP","Southeast",-46.55588386129489,-23.584994977556416
2037,"a7dc4098e4da6e41b426269d12ae7e91","sao paulo","SP","Southeast",-46.655173730691466,-23.663567055703336
2038,"a7ecf689b40a44361e259b28939023e4","vila velha","ES","Southeast",-40.307218377607995,-20.37128036966109
2039,"a7f13822ceb966b076af67121f87b063","itaquaquecetuba","SP","Southeast",-46.366720765317105,-23.486111454662215
2040,"a806a4bb063ea7ca6d374eafa50a6058","serra","ES","Southeast",-40.27581852168545,-20.22398020791205
2041,"a81466620e46a6970b22ef40379fdfc9","sao ludgero","SC","South",-49.176644834659655,-28.329381712771756
2042,"a8739afb32aaa45e01815ca76f76f54b","sao bernardo do campo","SP","Southeast",-46.58203502122138,-23.725231104378484
2043,"a888faf2d1baececa6baf9c3d603ee1f","umuarama","PR","South",-53.29278370090017,-23.759415570984828
2044,"a89e143d5211473ae18db9577ee34b64","limeira","SP","Southeast",-47.383806032359345,-22.5659647615925
2045,"a90a5da8b09e44264a177c0374a5ac87","ponta grossa","PR","South",-50.16088307377579,-25.094349162546607
2046,"a938325a4b357fd23a6a4d5bb126408e","nilopolis","RJ","Southeast",-43.41632496803763,-22.81662825484204
2047,"a9415cf907dfa12f9ed18693244f5329","prados","MG","Southeast",-44.083411637917365,-21.05906715090505
2048,"a99504ac23ed125aaf5302af6cc30af9","batatais","SP","Southeast",-47.58503975145971,-20.89283207700589
2049,"a9ae440659f48b7849df83e82734150b","santo andre","SP","Southeast",-46.523183340521726,-23.659363636440858
2050,"a9b533a26e898b12e8b8d4c07279bf4d","rio de janeiro","RJ","Southeast",-43.343444318193725,-22.843286137769404
2051,"aa17b35ce4de7b565be3249ba838944f","jundiai","SP","Southeast",-46.918199852685866,-23.157994972014652
2052,"aa1eb17b9fdf6dfd546e25c45c7b9235","sao paulo","SP","Southeast",-46.699787486896355,-23.62011581915098
2053,"aa2640d851ec322526f1295bbeb20092","sao paulo","SP","Southeast",-46.66643724514501,-23.52892113830292
2054,"aa762680c40618316a896838866140ea","curitiba","PR","South",-49.240868724359665,-25.399872090209225
2055,"aa8af66c623d7d544dfe4bb85b5ebe3b","betim","MG","Southeast",-44.17301724018931,-19.939120614599368
2056,"aac29b1b99776be73c3049939652091d","uberlandia","MG","Southeast",-48.24926718659152,-18.924080198164372
2057,"aac51c486b672a9850d59f3e84b1cf88","sao paulo","SP","Southeast",-46.68293060286366,-23.494196758997607
2058,"aadfe0417e61315688b6bd7043361e25","goiania","GO","Central-West",-49.31057114298072,-16.720564633183724
2059,"aae3bfea055532c57fb453ed3ec80b30","santo andre","SP","Southeast",-46.50072807238241,-23.641860793712077
2060,"aae5953b9edddf14749c0d65d60eb4b9","belo horizonte","MG","Southeast",-43.92056950329572,-19.89826888358225
2061,"aae5e7b457a3c72ee230a47d98fceda5","sao jose dos pinhas","PR","South",-49.192980370956334,-25.51900260111036
2062,"aaed1309374718fdd995ee4c58c9dfcd","timbo","SC","South",-49.27037623408743,-26.82760329690557
2063,"aafe36600ce604f205b86b5084d3d767","sao jose","SC","South",-48.63342614517381,-27.5428797113887
2064,"ab27bbbad5239bc31a34709275a70db4","tatui","SP","Southeast",-47.84745972933328,-23.333791304252223
2065,"ab3e0c171fe84a7ba7de130f19cfb485","colorado","PR","South",-51.973422045406195,-22.837653869064948
2066,"ab75b89cc49c9ab3160d0c91565a442a","tupa","SP","Southeast",-50.51676304094404,-21.943091440035154
2067,"ab91571efab27993ff2f6b36e38055c3","sao paulo","SP","Southeast",-46.63657001303734,-23.647404304204
2068,"ab9db4cf53b08b828b64dccaafc2d9f0","paraiso do sul","RS","South",-53.17918716660633,-29.723802873745612
2069,"aba1721a889e04decc910aa13b768ef4","sao paulo","SP","Southeast",-46.735881844474896,-23.634607026145602
2070,"abbf6046bbdf1028606a5bc7f00c99e7","xanxere","SC","South",-52.40399465779401,-26.876415100422584
2071,"abc015ebac1d283a323ca9db35ede4b9","ribeirao preto","SP","Southeast",-47.82492084329618,-21.15700584776457
2072,"abcd2cb37d46c2c8fb1bf071c859fc5b","cuiaba","MT","Central-West",-56.102860617012794,-15.602881623512898
2073,"abe021b01ba992245271b9aa422032df","curitiba","PR","South",-49.281917193320346,-25.437577798221536
2074,"abe42c5d03695b4257b5c6cbf4e6784e","rio de janeiro","RJ","Southeast",-43.322271046058205,-22.837911776525186
2075,"ac137bac82ffa8548e62bd9d01d2a14f","sao paulo","SP","Southeast",-46.55100936501725,-23.53049211554966
2076,"ac1ed5fc15901fbc92920361eb4ab350","sao paulo","SP","Southeast",-46.57228291110507,-23.553659985884053
2077,"ac3508719a1d8f5b7614b798f70af136","canoas","RS","South",-51.14505892899358,-29.919402974839493
2078,"ac51cac5e20d69ff485a54746488ef48","ribeirao preto","SP","Southeast",-47.7779524735565,-21.20131082333705
2079,"ac6417315ae5da8f9a38ee11de6f7780","aruja","SP","Southeast",-46.324075599173696,-23.396225427258642
2080,"ac9b01377919cdbd2a1bbb8d5837c70b","mogi das cruzes","SP","Southeast",-46.18967506489793,-23.513611625675395
2081,"acadd4d36859671cb635527c6c977533","santa rosa de viterbo","SP","Southeast",-47.368650634851434,-21.483488699983003
2082,"acb6c2ca5c82411c1fdb88d5fd5eb95e","sao paulo","SP","Southeast",-46.541485741974924,-23.551038737265092
2083,"acce39e832338debb07b02385cde5967","contagem","MG","Southeast",-44.022421394611506,-19.884069370503447
2084,"ace601496e211a664100321f038f50af","sao paulo","SP","Southeast",-46.62462503200484,-23.460094538606647
2085,"aced59e9b31ef866a94f9e7f29d8d418","sao paulo","SP","Southeast",-46.57571243111453,-23.54465173322405
2086,"acf974e4d5950ad143a247471b831eb9","caxias do sul","RS","South",-51.12563480510617,-29.116038450057815
2087,"ad14615bdd492b01b0d97922e87cb87f","tubarao","SC","South",-49.01172864670753,-28.475921543742647
2088,"ad273c9eb54ecb4532de4bf75bae9e4e","curitiba","PR","South",-49.281917193320346,-25.437577798221536
2089,"ad420dd0c4f92f8af951ac24b86d0cf5","fronteira","MG","Southeast",-49.20255148137911,-20.279454990887864
2090,"ad738d3fcf42655ed15c4960b7b6c601","novo hamburgo","RS","South",-51.11451402023661,-29.721097437795017
2091,"ad75519a07f039025e83795a4418470f","santa terezinha de goias","GO","Central-West",-49.7106029180799,-14.43073368841814
2092,"ad781527c93d00d89a11eecd9dcad7c1","sao jose do rio preto","SP","Southeast",-49.379027917410916,-20.819120747840632
2093,"ad87df7699e83b8a91822a4a0b765c3a","jaguariuna","SP","Southeast",-46.98287754029339,-22.692948844892886
2094,"ad8ada0ffa993cb1197d102d9ab21a3e","araguari","MG","Southeast",-48.17801460034547,-18.642201383387075
2095,"ad8b531ae67582f096925cff5630d0d1","castro","PR","South",-49.99313307387235,-24.79287620819997
2096,"ad97a199236354e53fcd91a5a913e9a2","brusque","SC","South",-48.93331822533233,-27.105724111171046
2097,"adbc26658d6c7b4b6219f9d934598091","curitiba","PR","South",-49.24112497530738,-25.52787394675076
2098,"adbe70ab2c97442046d393988c8d1d27","maua","SP","Southeast",-46.436306740158656,-23.648730193239803
2099,"adcf50477d6a1f5d91bb9d54c4903cb5","claudio","MG","Southeast",-44.76203405975945,-20.437204870234993
2100,"ade45994b717ccee333492330fbf037b","umuarama","PR","South",-53.293996444343186,-23.770303882688204
2101,"aded58c8142dedc5494a81f948431fab","rio de janeiro","RJ","Southeast",-43.19052130370871,-22.972873846317377
2102,"ae45ad30c2d2e5913094769690a239d2","franca","SP","Southeast",-47.411109783856105,-20.52875913617737
2103,"ae45df84722b1d15c5f32b23a095746c","sao paulo","SP","Southeast",-46.58942940175683,-23.541084308411932
2104,"ae7ab174effdead6c241e547e4ca13f0","arapongas","PR","South",-51.41988497593058,-23.393188641236925
2105,"ae8bfdbf1c2a2a2dee92d799db0a31c6","toledo","PR","South",-53.73992779190086,-24.72820752248369
2106,"ae9690c6e8fee182c28c9ff8e11ca52c","sao paulo","SP","Southeast",-46.66280936272233,-23.64352701824689
2107,"aeb36d67f1414f234d42a29e27cf1f17","santo andre","SP","Southeast",-46.549114970194566,-23.665535515458636
2108,"aec99834ab5d38ead22766ada8497e87","colombo","PR","South",-49.14948338931647,-25.330174322304927
2109,"af3ef48d0e13835e529c29ac573c63e5","araraquara","SP","Southeast",-48.180222226584,-21.772225708483816
2110,"af4a0e4cfe1d9c26b6712b1be25a72e5","mateus leme","MG","Southeast",-44.42872947177971,-19.991238421800062
2111,"af7cdac9d9897cddead9c6b08976c642","laranjal paulista","SP","Southeast",-47.83762131131263,-23.04955173261455
2112,"afa6714acee029b2dfdf357e5579cc03","descalvado","SP","Southeast",-47.61958402950508,-21.90863415372781
2113,"afac9f6b0c4e5f0a7ee87e922cd0f873","bauru","SP","Southeast",-49.043374315449675,-22.336423220379867
2114,"afe0067131b73e40875c9b6c10bd2e21","lagoa da prata","MG","Southeast",-45.53718981360238,-20.02406477242535
2115,"b00af24704019bd2e1b335e70ad11f7c","salvador","BA","Northeast",-38.5287078181575,-13.002628751515172
2116,"b01c2b7b8599b325103ebcddc67413e1","venancio aires","RS","South",-52.19331355503114,-29.61111067145767
2117,"b026643914f651e8371425e5b8a1e780","rio de janeiro","RJ","Southeast",-43.44889019919413,-22.984082408782132
2118,"b0398568231ba5e6734af1881671a317","colatina","ES","Southeast",-40.662431856344476,-19.526644305085586
2119,"b05b432bf68945d4d9783f9e3ca29ee8","birigui","SP","Southeast",-50.3432673557328,-21.294953796324283
2120,"b080809eaacb49e5ca07290981472431","belo horizonte","MG","Southeast",-43.96684971780442,-19.935486917207538
2121,"b0b346d3a89f5eb4c2968af3f083cd43","campinas","SP","Southeast",-46.98442198157682,-22.888413155714876
2122,"b0f2a6122a90a93eb03e68653dd960e3","curitiba","PR","South",-49.29981790225272,-25.428323460810223
2123,"b1204cfda1d4948679db3cfc0d3cb95c","guarulhos","SP","Southeast",-46.43492308830101,-23.43186747405495
2124,"b127efdabeffb5d559349c7b172eb75d","sao paulo","SP","Southeast",-46.639567248138334,-23.644692702501338
2125,"b12cfd255810394b60caef18ae163547","cascavel","PR","South",-53.46685083806426,-24.95138329734196
2126,"b14db04aa7881970e83ffa9426897925","sorocaba","SP","Southeast",-47.4696868600856,-23.53688952817112
2127,"b16d3dadc47d4eb18be3d88bad0775ce","estancia velha","RS","South",-50.46414800112313,-28.771317519978446
2128,"b17b679f4f5ce2e03ce6968c62648246","ribeirao preto","SP","Southeast",-47.78842912306861,-21.17989319210998
2129,"b18871c324516afa228a13e8f1ef0ae9","sao paulo","SP","Southeast",-46.594441868372506,-23.64705656492504
2130,"b18dc380845b24038cfc48006478f099","diadema","SP","Southeast",-46.590933120828765,-23.689006218373418
2131,"b19c48688808720822399ffa9f2dbe2f","sao paulo","SP","Southeast",-46.69924360772175,-23.71371321894911
2132,"b19f3ca2ea475913750f25a5c37c8d8f","divinopolis","MG","Southeast",-44.90191602362892,-20.162109146386353
2133,"b1a81260566c1bac3114a6d124413f27","carazinho","RS","South",-52.79025576343902,-28.29124464593788
2134,"b1aaae6b66ad3c40f54b389d7ea4bee0","sao paulo","SP","Southeast",-46.70032625979073,-23.631834846536943
2135,"b1ac6ea7895bc3dd6f0f6f4abbdd2821","canoas","RS","South",-51.14505892899358,-29.919402974839493
2136,"b1b3948701c5c72445495bd161b83a4c","sao paulo","SP","Southeast",-46.525819527705394,-23.592386803425224
2137,"b1fc4f64df5a0e8b6913ab38803c57a9","sao goncalo","RJ","Southeast",-43.05394814122972,-22.827149190613202
2138,"b1fecf4da1fa2689bccffa0121953643","campo grande","MS","Central-West",-54.672139206007905,-20.43232199650956
2139,"b2479f944e1b90cf8a5de1bbfde284d6","ibitinga","SP","Southeast",-48.82974353343713,-21.757320637712766
2140,"b248792ac0b60ec3f93d80af1b4fae47","sao caetano do sul","SP","Southeast",-46.55438133370328,-23.632642413705756
2141,"b26741d31a563d769b4af0465ab20c56","florianopolis","SC","South",-48.43113600826772,-27.581084617185553
2142,"b274baf5bbd142410eb2958cf685d684","montenegro","RS","South",-51.46796398824514,-29.68780422662314
2143,"b29d3380981c51df13fc6fbe87e1763d","ribeirao preto","SP","Southeast",-47.84643282788191,-21.13282920534081
2144,"b2a6d334e2833acea353624840e25a0e","sao paulo","SP","Southeast",-46.6183837748097,-23.621738061326916
2145,"b2ac621f0d0322434d04a12b078b9369","curitiba","PR","South",-49.26500692384353,-25.456349625618472
2146,"b2ba3715d723d245138f291a6fe42594","sao paulo","SP","Southeast",-46.52228690836457,-23.569112793432424
2147,"b2bdc5e7940a7d7ca8c4a37953b27a42","vargem grande do sul","SP","Southeast",-46.89918572591988,-21.83491864103435
2148,"b2c97074649f92197d9387d9033dda5f","botucatu","SP","Southeast",-48.42760074514809,-22.875814933627193
2149,"b2eecf5ea250510da76590ca79d60e5d","sao paulo","SP","Southeast",-46.565376407576224,-23.544376874492148
2150,"b2f4d63c7203f539a78252565ca32257","armacao dos buzios","RJ","Southeast",-41.90867520598634,-22.766572484803707
2151,"b32be1695eb7ec5f10f72d9610a12527","caxias do sul","RS","South",-51.210729335090235,-29.172669488726477
2152,"b335c59ab742f751a85db9c411a86739","araguari","MG","Southeast",-48.20499335469827,-18.645099494741665
2153,"b33aaadd1a8891d2dfef0c4c3bdf0371","limeira","SP","Southeast",-47.407128587319605,-22.60000425928191
2154,"b33e7c55446eabf8fe1a42d037ac7d6d","pradopolis","SP","Southeast",-48.07391298482992,-21.35993680296325
2155,"b347677812ea483b0f528eaf8cbc09b7","curitiba","PR","South",-49.25079721106639,-25.393889538583995
2156,"b372ee768ed69e46ca8cdbd267aa7a38","sao jose do rio preto","SP","Southeast",-49.33051843775889,-20.82895270664262
2157,"b37c4c02bda3161a7546a4e6d222d5b2","sao paulo","SP","Southeast",-46.49479455810049,-23.53130694915166
2158,"b3809b8d4394588a47c8470ea331e135","sao paulo","SP","Southeast",-46.69794827478876,-23.711358324499425
2159,"b39d7fe263ef469605dbb32608aee0af","ibitinga","SP","Southeast",-48.82974353343713,-21.757320637712766
2160,"b3b17aab11f273023a5f22ca52e1eb70","londrina","PR","South",-51.203187655513645,-23.303868607363356
2161,"b3e2faf2c1004d674f16a3aa3197f0e1","ribeirao preto","SP","Southeast",-47.74337493709186,-21.177891257048426
2162,"b3f19518fcec265b2e97af287725f981","tanabi","SP","Southeast",-49.65195844976547,-20.62352159105578
2163,"b410bdd36d5db7a65dcd42b7ead933b8","goiania","GO","Central-West",-49.24469282203206,-16.664457060457906
2164,"b416191c9813d821a295cfabafff4161","franca","SP","Southeast",-47.41843378590997,-20.496250765485655
2165,"b43d8b707f887a30f4675391098354a0","ipira","SP","Southeast",-39.74046054005801,-12.154533930203856
2166,"b44dbfbf62e52125f3c15d230569ea91","sao paulo","SP","Southeast",-46.59703636643911,-23.625770009445606
2167,"b452cb0ae35044c4a53179c39f49fb06","sorocaba","SP","Southeast",-47.46298465265636,-23.520376831300776
2168,"b45d7ebfb7378630f1bcd74b6ff86ff7","belo horizonte","MG","Southeast",-43.90182965852815,-19.91674942216083
2169,"b494891378bd8f4560abe576c52deacd","sao paulo","SP","Southeast",-46.61200044104113,-23.625475455621878
2170,"b499c00f28f4b7069ff6550af8c1348a","limeira","SP","Southeast",-47.407128587319605,-22.60000425928191
2171,"b4a476fbd28de64b1e347abf9089366a","itapevi","SP","Southeast",-46.92972088164854,-23.547053538149346
2172,"b4b447d715f9ab302a188fb43d3e96b3","sao paulo","SP","Southeast",-46.70094897060516,-23.62728925689284
2173,"b4f8921fcc4ff77b66bea6dda43dcd51","caxias do sul","RS","South",-51.189259393053376,-29.160194449589316
2174,"b4ffb71f0cb1b1c3d63fad021ecf93e1","sao paulo","SP","Southeast",-46.48545545756665,-23.508321071381935
2175,"b55638ad525e906c698fa2ce742c1742","imbituba","SC","South",-48.67933195388164,-28.23188261767478
2176,"b561927807645834b59ef0d16ba55a24","sao paulo","SP","Southeast",-46.72025344447433,-23.46817509806932
2177,"b566ab0ef88016e00422755e305103c6","extrema","MG","Southeast",-46.319501271003986,-22.85547822328912
2178,"b56828a9f9027f3c918c04ca720d9e3c","praia grande","SP","Southeast",-46.54209119059633,-24.054560652954805
2179,"b56906f7fd1696e043f1bcce164c487b","echapora","SP","Southeast",-50.20543406742506,-22.4299509636415
2180,"b57e8460909fa137df7951b4a3b5ea84","porto alegre","RS","South",-51.2034994090908,-30.052808223119516
2181,"b586cd24c010a13916af621b0325fbba","rio do sul","SC","South",-49.65999071139675,-27.223517738688038
2182,"b5abf4f36adc043117b4fca82c22984c","brasilia","DF","Central-West",-48.12481467459101,-15.788929833208346
2183,"b5b800c4065bebf4d3442311c9857344","sao paulo","SP","Southeast",-46.494996203935074,-23.547736758428403
2184,"b5bb2b985208834bd5bd86c7a402bbad","venancio aires","RS","South",-52.19331355503114,-29.61111067145767
2185,"b5d034ac251546e25afe9067f05c1539","itapecerica da serra","SP","Southeast",-46.85894169652641,-23.706489225118336
2186,"b5dd7151a92ccaaa282cbe9681a05f44","ribeirao preto","SP","Southeast",-47.802366376021745,-21.201064692224886
2187,"b5e3e38609125694d2ea2417522a60b7","florianopolis","SC","South",-48.544313757312,-27.59375774522556
2188,"b5f0712d22a873b6797ab6cc65c3fcba","sao paulo","SP","Southeast",-46.593839689926625,-23.462265836782137
2189,"b5f49fe968dff6b112861e6cd8e192ef","curitiba","PR","South",-49.29981790225272,-25.428323460810223
2190,"b64d51f0435e884e8de603b1655155ae","garulhos","SP","Southeast",-46.55233201188834,-23.436153784043974
2191,"b67d6c666e8dce1d078c882825e12704","sao paulo","SP","Southeast",-46.54499251773911,-23.52389729910556
2192,"b6c6854d4d92a5f6f46be8869da3fa1a","sao paulo","SP","Southeast",-46.640410456031695,-23.544852949531748
2193,"b6d44737c043328708f6749c2dbe50bd","santo andre","SP","Southeast",-46.527409786403275,-23.62057801188256
2194,"b6dc74ed30f124f95227bed4e43a3bed","arapongas","PR","South",-51.44664446905576,-23.39060657974744
2195,"b6e1504972665f739dec4facb9943775","piracicaba","SP","Southeast",-47.664700852471455,-22.708702100662567
2196,"b6f52e346160519c24a23af05410ad32","sao paulo","SP","Southeast",-46.68085240293401,-23.54333742025504
2197,"b74d1c09cb380e1d03a6f859c6f4224b","rio de janeiro","RJ","Southeast",-43.18562902375167,-22.905811724167158
2198,"b76a1f8356322f12529c37b67d5c96c2","santos","SP","Southeast",-46.31920772096954,-23.953153311271457
2199,"b76dba6c951ab00dc4edf0a1aa88037e","sao paulo","SP","Southeast",-46.55235596542038,-23.593454949246258
2200,"b76f4d90e85657a240495c876313adc5","hortolandia","SP","Southeast",-47.17384949978645,-22.892791605649705
2201,"b77a27b1864483e721dc831d5ba4afa0","duque de caxias","RJ","Southeast",-43.27799273062863,-22.654106039654454
2202,"b7ba853e9551f4558440881fd3e5c815","santo antonio da patrulha","RS","South",-50.520084062694195,-29.83310276474207
2203,"b7cc6c5e001441ae8cdd5c69a480cbe4","curitibanos","SC","South",-50.577361136441226,-27.290948728745203
2204,"b7d5b4b87af9d42b601865d3f3810bff","florianopolis","SC","South",-48.544313757312,-27.59375774522556
2205,"b7e1750c1157341d2abd0251e07c186b","sao paulo","SP","Southeast",-46.74785398743357,-23.610641270248983
2206,"b7ed9fb14c8eadb37adb9c45d67ab0fb","jacarei","SP","Southeast",-46.06549877693504,-23.27193794186258
2207,"b8114f2f589a6804810f04f99b36b498","sao bernardo do campo","SP","Southeast",-46.56720926554255,-23.654337222511014
2208,"b81e3a6c866a764974fe849821abeebd","maua","SP","Southeast",-46.45695782334157,-23.684914927517177
2209,"b839e41795b7f3ad94cc2014a52f6796","sao caetano do sul","SP","Southeast",-46.56414467348053,-23.62020569014463
2210,"b83cedfb587e7911540e3f576d6917ce","sao paulo","SP","Southeast",-46.75609186924314,-23.75763122502084
2211,"b8555308bfdb4ca1ed54325a58da9a97","sao bernardo do campo","SP","Southeast",-46.54373229668177,-23.6913846262179
2212,"b8578d2d823bd8e251f6fdd02b40902d","blumenau","SC","South",-49.09590143933176,-26.796411407228035
2213,"b8630e1121437d41cb08e3c749c2c2e2","duque de caxias","RJ","Southeast",-43.30430364671711,-22.780162791974302
2214,"b86a47b3366e3b5424a7b225781f4908","passos","MG","Southeast",-46.604848528571765,-20.71963821155977
2215,"b87a7ea0c30fad2dd6781b74a0064859","sao paulo","SP","Southeast",-46.6183837748097,-23.621738061326916
2216,"b88e7c57cb2d8b973b7dd4a2bfa14b36","curitiba","PR","South",-49.33313993830729,-25.501030850103422
2217,"b8a0adc91af209270c2c725168eb00fd","ibitinga","SP","Southeast",-48.82974353343713,-21.757320637712766
2218,"b8bc237ba3788b23da09c0f1f3a3288c","itajai","SC","South",-48.67397974813438,-26.912573829813205
2219,"b8d890108a7a80e4f5d59eea9f362438","curitiba","PR","South",-49.29085375296363,-25.50251900304164
2220,"b906dd0e57f282c7089171b6ed07982e","parana","PR","South",-51.9551937045819,-23.387644893671027
2221,"b90e891671cffd9557f33a97dc523645","sao jose dos pinhais","PR","South",-49.18219514723537,-25.542326473535166
2222,"b92e3c8f9738272ff7c59e111e108d7c","uba","MG","Southeast",-42.92677954827476,-21.124876951863786
2223,"b94cc9f10ddc85e4ba73a6f7974e7101","macae","RJ","Southeast",-41.815552675554386,-22.400213535113643
2224,"b98b715fe9e276204e2a3464f48cd796","sao paulo","SP","Southeast",-46.48181903473252,-23.4838499287337
2225,"b9a03475e6447e631b6799ec8274800f","formosa do oeste","PR","South",-53.31459701744479,-24.296024477069253
2226,"b9c0ffa92f3ff9a5a3d45ef7213c0842","sao paulo","SP","Southeast",-46.438007168288124,-23.531185574566038
2227,"b9ca8e8baa5d4aa038394a700f63e69f","sao paulo","SP","Southeast",-46.614660294316906,-23.54173453271624
2228,"b9de031b671cd48b28fae9d828cbf2b4","sao paulo","SP","Southeast",-46.604427891377654,-23.609330706660412
2229,"b9ec22de23f18567de0e09d776ca0309","brasilia","DF","Central-West",-48.08044504065522,-15.862281152956909
2230,"ba143b05f0110f0dc71ad71b4466ce92","sao paulo","SP","Southeast",-46.58792075620118,-23.467051775633287
2231,"ba5daa4041e1f15cdf34b76e3e18a450","sao paulo","SP","Southeast",-46.66622567766507,-23.646504679681723
2232,"ba6b4a237f92479743cf0ca06b67a9ac","rio de janeiro","RJ","Southeast",-43.689463800258565,-22.930711174851954
2233,"ba6b68b55fe8704377a7d43c8e5c0185","belo horizonte","MG","Southeast",-43.93264743101025,-19.931855587004094
2234,"ba6ce6de456f6c11d08c17701ba5c26f","sorocaba","SP","Southeast",-47.47802969404191,-23.510186495798692
2235,"ba89796db68db180bd389de96b2ff3b6","sao paulo","SP","Southeast",-46.75901937537009,-23.643648226598252
2236,"ba8e85df286308fe68a2ce83a8f8b2d6","santa catarina","SC","South",-48.68709681646422,-27.678198545039596
2237,"ba90964cff9b9e0e6f32b23b82465f7b","guarulhos","SP","Southeast",-46.497969729167934,-23.429963536262726
2238,"baa49d93c8c8841e27400a300f5d74b2","sao jose","SC","South",-48.63172484576851,-27.55802381286752
2239,"bab0a8cd684e41ba6e2637dca0979d3b","rio de janeiro","RJ","Southeast",-43.40471828456726,-23.00061899109575
2240,"babcc0ab201e4c60188427cae51a5b8b","porto ferreira","SP","Southeast",-47.47810175812134,-21.866032425983537
2241,"bac44fa8e13424950488659b5f765c41","sao paulo","SP","Southeast",-46.674052829159464,-23.58422109515566
2242,"bac692d6c0ed08467878018e6cc9c26c","blumenau","SC","South",-49.112263234420354,-26.914469334728032
2243,"bacb1f0ed56ad24198f5810d2b3fe9a5","jacarei","SP","Southeast",-45.96299534609562,-23.288301572514964
2244,"baeda7047354773262ba2405f97038ba","americana","SP","Southeast",-47.3372546257877,-22.726194334553114
2245,"baf15155e37ef5492731459bdc05be8a","sao paulo","SP","Southeast",-46.73207075900506,-23.62911216427785
2246,"bafc5aa11e413978be29040f51342e70","belo horizonte","MG","Southeast",-43.93264743101025,-19.931855587004094
2247,"bb135baca94c82fcb731335ad5b04a03","sao paulo","SP","Southeast",-46.668963118638445,-23.645347857953944
2248,"bb2afe2061d53c6968aa0cffa233a8ec","sao paulo","SP","Southeast",-46.63685006584126,-23.62367946712017
2249,"bb3dca718920a4d7ec3cc9ffb025108b","sao paulo","SP","Southeast",-46.44672815165373,-23.495362043427065
2250,"bb5bd94c8f59cc050072d2930c869cac","sao paulo","SP","Southeast",-46.675109589900636,-23.5345734034924
2251,"bb5d956dece964a06c12bceb66b923ae","rio de janeiro","RJ","Southeast",-43.22883289161475,-22.88997965325122
2252,"bb7a14e229b1c95156719c3d9552eeee","rio de janeiro","RJ","Southeast",-43.55658717782943,-22.86940966621501
2253,"bb7ad8a45c027be8ab075b8e465f8ca0","floranopolis","SC","South",-48.426466395426715,-27.4198423877185
2254,"bba3293d6f5d5af2f415e004e8b93ae3","sao paulo","SP","Southeast",-46.71300250099041,-23.636027323303832
2255,"bba74270a87732727b5a3b4fd9ac1c39","betim","MG","Southeast",-44.196037480396015,-19.951799038267147
2256,"bba8d0c234a52b87b3957037a215d1a4","goiania","GO","Central-West",-49.302333067347355,-16.73588063754188
2257,"bbad7e518d7af88a0897397ffdca1979","sao paulo","SP","Southeast",-46.62949909730413,-23.553717206079803
2258,"bbaff50f3b708fda865918715276cd87","atibaia","SP","Southeast",-46.552880539877926,-23.114730524308005
2259,"bbd3acfe6de99892e73940d3fdceaf68","santo andre","SP","Southeast",-46.49116730072025,-23.67120903205988
2260,"bbe87dce25ba8b38bb61cc7210a3f10b","sao joao da boa vista","SP","Southeast",-46.794594747496426,-21.973167687922782
2261,"bbf4a892cac7b82422baa711dffb8997","curitiba","PR","South",-49.26576244564952,-25.39657589455284
2262,"bbf9ad41dca6603e614efcdad7aab8c4","fortaleza","CE","Northeast",-38.59928475757381,-3.717490463103508
2263,"bc07d855eac23aab5ac8a120f21d16b2","mogi das cruzes","SP","Southeast",-46.1955458411618,-23.522840094345344
2264,"bc2ac6b95e1accce9858528ee566c17e","campinas","SP","Southeast",-47.080998706912254,-22.791069250515502
2265,"bc302730ea8cf49b5c74f579febb5bbf","campinas","SP","Southeast",-47.05654899637806,-22.90421369248141
2266,"bc30de0d71bd6260b936a026b5cf7200","pedreira","SP","Southeast",-46.89675369133934,-22.740325486164828
2267,"bc39d8938f90a3a2b98193723ed59774","cajamar","SP","Southeast",-46.8611543371692,-23.406857959687002
2268,"bc47d5d1490df2b36add65d733eafaba","santo andre","SP","Southeast",-46.473361103844674,-23.76294585048319
2269,"bc503e244f187939d10c92a5c8e378ce","birigui","SP","Southeast",-50.3432673557328,-21.294953796324283
2270,"bc8c8d665ec4664d286be0d521722b19","sao paulo","SP","Southeast",-46.666616911554875,-23.73159518384112
2271,"bca9230d3bbb4efa51872bf605a2f1ad","sao paulo","SP","Southeast",-46.603947471173164,-23.621197888443753
2272,"bcc9dd23e2a8bd8267cf92b19304a1b9","ibitinga","SP","Southeast",-48.82974353343713,-21.757320637712766
2273,"bccf933e006e9b94a6184af782963e77","assis","SP","Southeast",-50.425710079139506,-22.655502343064512
2274,"bcd2d7510d58e293f20fad6438c1b314","curitiba","PR","South",-49.22156689032487,-25.466933727604214
2275,"bce6a5ecf98e99fd2a8868b15c51f04b","guarulhos","SP","Southeast",-46.47644072856489,-23.452264540060224
2276,"bcf5566870987da7bc811fbc8c5b9fd9","sao paulo","SP","Southeast",-46.53923864229892,-23.570980616662656
2277,"bd0389da23d89b726abf911cccc54596","brasilia","DF","Central-West",-47.81695942803694,-15.880162327315896
2278,"bd0a1b0aadca9a83d9304f7e8ff5fbd5","sao paulo","SP","Southeast",-46.63942263256764,-23.538268511790662
2279,"bd149ed516d4c5d418d5781f8e18919f","guarulhos","SP","Southeast",-46.42668333499846,-23.446977376078497
2280,"bd15ee794d5e640d9dd71b665b2ab15b","ribeirao preto","SP","Southeast",-47.766518187513746,-21.140495922283165
2281,"bd1d49a326abfa9b1036772e40445430","bauru","SP","Southeast",-49.05968914675231,-22.34719449804868
2282,"bd23da7354813347129d751591d1a6e2","sao paulo","SP","Southeast",-46.48921337527956,-23.605615654434562
2283,"bd43e172d599bed47a85da877172ca8c","sao bento do sul","SC","South",-49.38023607551117,-26.249611365425224
2284,"bd4431c1a8dfa744b59e1e2a8bc99b9e","rio de janeiro","RJ","Southeast",-43.29721791706961,-22.870098149013966
2285,"bd4889b5e9133b35b66e42a8665cea5c","sao paulo","SP","Southeast",-46.68260221605633,-23.504868908615254
2286,"bd4ff04377f974574f7f0bf9d6ce7dde","santa maria da serra","SP","Southeast",-48.15539870681134,-22.569639672881536
2287,"bd65d163ded559eb90a10cd09fec178f","sao paulo","SP","Southeast",-46.50149166311139,-23.552539943539774
2288,"bd697db56ff8e7c9cd1abeb7f72029b2","sao paulo","SP","Southeast",-46.51680506788676,-23.544559564048523
2289,"bdae679a9b282249bc23b9b69dae9a99","brasilia","DF","Central-West",-48.104958853481016,-15.80698607290208
2290,"bdb3edbaee43a761e2d4f258dc08f348","lencois paulista","SP","Southeast",-48.79966231141294,-22.593650748264118
2291,"bdf0d02d36a1d839d0c39c4a887cdd49","birigui","SP","Southeast",-50.3432673557328,-21.294953796324283
2292,"be1e9e378700cecaa4ebf71433d7915c","ribeirao preto","SP","Southeast",-47.81519785770763,-21.193638491208663
2293,"be3b4b0f050a6aa1b2d901c4b77e979f","imbituva","PR","South",-50.60389689507097,-25.22967701050207
2294,"be67f78487e2cecb0d55bc769709e4f5","ibirite","MG","Southeast",-44.07010945653083,-20.013645630860008
2295,"be7a093e5b4d147b36b72bb1f9e415e5","toledo","PR","South",-53.73992779190086,-24.72820752248369
2296,"be8e909810184b9b19e886129149d8e5","piracicaba","SP","Southeast",-47.630333420285574,-22.725079692431553
2297,"be9a160a9011f627c3e121d076c1ec7b","jaragua do sul","SC","South",-49.058517578119535,-26.481293919027955
2298,"beadbee30901a7f61d031b6b686095ad","guarulhos","SP","Southeast",-46.54152485277401,-23.44565538225258
2299,"bec568278124768c474ee90971ca94d1","sao paulo","SP","Southeast",-46.50685724306077,-23.534221738343234
2300,"bede56095ba33c42038fb85f707b8a42","valinhos","SP","Southeast",-47.01224083195555,-22.97277234041519
2301,"bee36b4f9a2b9fdcaff6ec05df202ed0","sao paulo","SP","Southeast",-46.571906445626375,-23.54154753142689
2302,"bf00385a5f7fc1ef39a13c2e9ee50a5f","sao paulo","SP","Southeast",-46.652422339639514,-23.54177865147578
2303,"bf0045791395e66460eb04749c68672a","sao paulo","SP","Southeast",-46.59150671724376,-23.629571420528883
2304,"bf0d50a6410d487dc97d2baac0a8c0be","piracicaba","SP","Southeast",-47.695725339728355,-22.67206791185115
2305,"bf100ecb7997df312b285358fb32f92c","sao jose dos pinhais","PR","South",-49.12503305036286,-25.520219665355693
2306,"bf3c6d2a28b2b5501e6c15448982dcc9","sao paulo","SP","Southeast",-46.59911604502151,-23.63500525801046
2307,"bf84056e679dbe9c69929847a40e338f","sao paulo","SP","Southeast",-46.65245974809946,-23.49131237538735
2308,"bf961104a38e01b9062ee026bb657dee","ribeirao preto","SP","Southeast",-47.82492084329618,-21.15700584776457
2309,"bfd27a966d91cfaafdb25d076585f0da","serra negra","SP","Southeast",-46.709593428612365,-22.614621137795275
2310,"bfd938b22bc99bce1ae60dc602889f52","rio de janeiro","RJ","Southeast",-43.383065237968154,-22.969148201152674
2311,"bff9deb0ec77d437f3305a79cf25529e","limeira","SP","Southeast",-47.407128587319605,-22.60000425928191
2312,"c003204e1ab016dfa150abc119207b24","cajamar","SP","Southeast",-46.84796832895859,-23.37087914790086
2313,"c00396cbdd2e088fe4281baa5920aef1","campo magro","PR","South",-49.3860112966698,-25.375606922660342
2314,"c004e5ea15737026cecaee0447e00b75","sao paulo","SP","Southeast",-46.62282500873062,-23.496211310932598
2315,"c0098efcf800861dcae589affca31408","ribeirao preto","SP","Southeast",-47.802752713837656,-21.154639915189833
2316,"c013e57c075a06e5b5c48ee03c525719","sao carlos","SP","Southeast",-47.85621631942498,-22.005220870242514
2317,"c026ef0d72e9132d9fa112308090c8dc","rio de janeiro","RJ","Southeast",-43.28931782004311,-22.865673065092206
2318,"c03121937e54a93fcc1825c3098bbb6e","curitiba","PR","South",-49.226703504712354,-25.4344024088818
2319,"c04d70d515d15a7e3db3a73320598566","niteroi","RJ","Southeast",-43.12041784927662,-22.893701145563117
2320,"c0563dd588b775f2e37747ef6ad6c92c","santo andre","SP","Southeast",-46.536900867948354,-23.622287896060012
2321,"c092292535a57dacd95a8765f5518f87","paracambi","RJ","Southeast",-43.7056833757486,-22.614833826992143
2322,"c0aff2da32c17759d30b22fb0af6649d","florianopolis","SC","South",-48.49191371378214,-27.528367115974625
2323,"c0e0b73d039eb9a99b6ce4cb7a429cd3","laurentino","SC","South",-49.731481761265776,-27.22122429012165
2324,"c0e6839516f5398edc34adf5f1d53d1a","guaruja","SP","Southeast",-46.2848881865308,-23.993943564523665
2325,"c0f3eea2e14555b6faeea3dd58c1b1c3","sao paulo","SP","Southeast",-46.612830839593734,-23.65724198521616
2326,"c0f783394e37cd9c9d7f5f81141450fa","piracicaba","SP","Southeast",-47.64018826320614,-22.716901581653744
2327,"c113b8df1fc375bc3d73d29c1b1144d1","sao paulo","SP","Southeast",-46.43458554897361,-23.500142370129407
2328,"c12b92bf1c350f3e6bf88d3596219c86","garca","SP","Southeast",-49.658624971976394,-22.211471483564292
2329,"c12d7463a579237ffb9248bd7cff378b","sao paulo","SP","Southeast",-46.479396724588405,-23.57127586906545
2330,"c13ef0cfbe42f190780f621ce81f2234","sao paulo sp","SP","Southeast",-46.63865415001012,-23.53917556013519
2331,"c13fb473e7cb8b83ccd543c094df0608","sao paulo","SP","Southeast",-46.73068651777817,-23.541812281010866
2332,"c1552b1dab6e6f760950368ae61fb600","sao jose dos campos","SP","Southeast",-45.87164627370401,-23.18545241916594
2333,"c157bdeedcbc9a8e3c8bf0d87ff24428","mairinque","SP","Southeast",-47.18889011605327,-23.536502958352973
2334,"c161d1327ebc3a156c09582ab2f59f6c","sao paulo","SP","Southeast",-46.51853404810763,-23.5475837754449
2335,"c18309219e789960add0b2255ca4b091","rio de janeiro","RJ","Southeast",-43.231972121774945,-22.927918848210947
2336,"c1849d4d32d7a6cecd5aa471809d3135","santo andre","SP","Southeast",-46.54636839196643,-23.64365536920469
2337,"c1d1ebb4745cc43cb6f05e9c8a705c9a","sao paulo","SP","Southeast",-46.46166831807453,-23.49603520471455
2338,"c1dde11f12d05c478f5de2d7319ad3b2","sao paulo","SP","Southeast",-46.63188421270581,-23.539657127270956
2339,"c1ed9e3daf6154542826a6996af0fb8c","itajai","SC","South",-48.69584107679452,-26.923253324789695
2340,"c1f12f926d0ba950578b4fa41115cbb6","sao paulo","SP","Southeast",-46.6328261500119,-23.641746702107127
2341,"c200c73f9d7e5a08ca439d6a0803da7c","almirante tamandare","PR","South",-49.295567613194905,-25.341809441562493
2342,"c240c4061717ac1806ae6ee72be3533b","rio de janeiro","RJ","Southeast",-43.231902550437,-22.89524485967228
2343,"c24173065483e421f9e5e7f599de101d","sao paulo","SP","Southeast",-46.511778591828936,-23.540800936305708
2344,"c26a2be5b53b7db6b276280da212a779","nova friburgo","RJ","Southeast",-42.54062738137718,-22.251294327685233
2345,"c26ba52cf8d2f34915f2f6b7ffa0a3f3","rio de janeiro","RJ","Southeast",-43.35349069066134,-22.842510033295916
2346,"c273175f7c6c80fb02f051e2fc6d0d72","sao paulo","SP","Southeast",-46.75575337195744,-23.652366177840182
2347,"c286ec035ee04ba81c97508f0b5df544","curitiba","PR","South",-49.32116194845892,-25.476488477709083
2348,"c2bda99904207edd1834f03e0022b007","sao paulo","SP","Southeast",-46.47448584310013,-23.56118965884429
2349,"c2d70ce2c5d0a2eb75e78668236e6dc8","sao paulo","SP","Southeast",-46.61645866896796,-23.59383917278593
2350,"c31eff8334d6b3047ed34bebd4d62c36","salto","SP","Southeast",-47.2753096960776,-23.192903749104506
2351,"c3251e13f1bbda6c74e37c160f991e19","porto ferreira","SP","Southeast",-47.47810175812134,-21.866032425983537
2352,"c32fc744b9160ac853450488e3cfea93","ribeirao preto","SP","Southeast",-47.802366376021745,-21.201064692224886
2353,"c33847515fa6305ce6feb1e818569f13","brusque","SC","South",-48.95791797799666,-27.14779223406619
2354,"c33a5c3c983090c8b78a28e65052a20d","criciuma","SC","South",-49.37021758102544,-28.6829348182401
2355,"c353f8fc0ce8344999f17d578eb69a5e","porto alegre","RS","South",-51.22599388213198,-30.065786895558777
2356,"c35672b10ad50968f567ea3f4b91e877","mesquita","RJ","Southeast",-43.42552236371597,-22.78170709631037
2357,"c35affa65afd250151285c5917fc1c8a","sao paluo","SP","Southeast",-46.458844679310054,-23.51121324471153
2358,"c360e4787614ed31ac7a2f95d3b22dc6","lencois paulista","SP","Southeast",-48.78750986401859,-22.59912233055666
2359,"c37b2059d4f90d4feead554e5246565e","sao paulo","SP","Southeast",-46.748070542970176,-23.483583375571712
2360,"c3867b4666c7d76867627c2f7fb22e21","guara","SP","Southeast",-47.82416381617846,-20.432176899165224
2361,"c394e193cda3b4225ff2094d32184849","sao paulo","SP","Southeast",-46.63873070008102,-23.5760892208339
2362,"c398bc00a606d33758afd91f4e64fd15","rio de janeiro","RJ","Southeast",-43.387504877344114,-22.884333053403097
2363,"c3aad7dc65449ae90a5e9c3c6c1e78e0","auriflama/sp","SP","Southeast",-50.55462075520381,-20.685083174259983
2364,"c3acdfac4e3e97ff87529454fbc03642","sao paulo","SP","Southeast",-46.721159309975185,-23.625845549610307
2365,"c3cfdc648177fdbbbb35635a37472c53","curitiba","PR","South",-49.28982106037588,-25.469955086957725
2366,"c3e1abd72a42fe690fcd89cf5720fe29","mogi guacu","SP","Southeast",-46.93816713358191,-22.366040649505837
2367,"c3e2398fcc7e581cda2e546557bf6968","sao paulo","SP","Southeast",-46.70451270808691,-23.686303077405277
2368,"c3ee2331a724e6fc02c4b698b57a73f3","sao paulo","SP","Southeast",-46.75805956640948,-23.50932423596373
2369,"c3f5668699a1b04c0fa61ecea1e2bff6","apucarana","PR","South",-51.45069562281259,-23.554826632350057
2370,"c3fe93ba3085f92855c97e57f38c8c05","curitiba","PR","South",-49.24281926237234,-25.468293006199442
2371,"c42fd8e4d47dfb18ce5222f2dd7752f9","osasco","SP","Southeast",-46.807065777531186,-23.49885855999824
2372,"c43d924a0f1688ee9fae0efcd6f539d4","rio de janeiro","RJ","Southeast",-43.2764243094503,-22.908308587634586
2373,"c447f8dd3ed213f291d65ef074a268eb","assis","SP","Southeast",-50.426931173097316,-22.669353928606768
2374,"c458e2045a8aa8964f8879af03fdcce6","sao caetano do sul","SP","Southeast",-46.56083126678533,-23.642441270973286
2375,"c4af86330efa7a2620772227d2d670c9","mogi das cruzes","SP","Southeast",-46.13804883519811,-23.482177500178658
2376,"c4b911d06343b21dd906651f8101cb49","vera cruz","SP","Southeast",-49.822674319538606,-22.22217393101984
2377,"c4d51195486dc781531876a7d00453d8","presidente prudente","SP","Southeast",-51.399092120481285,-22.110680580939565
2378,"c4f7fee5b0db50e87766f5a4d1b1b758","sorocaba","SP","Southeast",-47.433669226304225,-23.472414567045835
2379,"c4fabeea6e569d42d02993bb1f4f1cbc","fortaleza","CE","Northeast",-38.5505885415002,-3.7899436621017477
2380,"c4fb51fb1c5b7c07bc5e67be6e7e8f6e","curitiba","PR","South",-49.26131687338104,-25.42963241666681
2381,"c500367424994318b9e779ff1ae9a330","paulinia","SP","Southeast",-47.17665406567105,-22.735332235607448
2382,"c510bc1718f0f2961eaa42a23330681a","indaiatuba","SP","Southeast",-47.21688683643497,-23.086339156484087
2383,"c522be04e020c1e7b79f3acff36513d5","santana de parnaiba","SP","Southeast",-46.915509131360864,-23.44402867248359
2384,"c52c644cc0dc85121207a27013efc6af","tiradentes","MG","Southeast",-44.17477905963709,-21.109807916044414
2385,"c53bcd3be457a342a97e39e5a9f0be22","neopolis","SE","Northeast",-36.57752881665698,-10.32593083501133
2386,"c542f5a8c64d973f30e9df8d06f70b4a","sao paulo","SP","Southeast",-46.63311453979945,-23.5022061742251
2387,"c54679b132454625907c773d273d4126","guaruja","SP","Southeast",-46.20543840219495,-23.979090612559926
2388,"c5e60e39c0f42b8e827daa13cff74afa","sao paulo","SP","Southeast",-46.522617210633534,-23.556051532494394
2389,"c5ebe6598748b0aeaa61cfb820478b92","lajeado","RS","South",-51.99377718667392,-29.430823732155336
2390,"c5f7e746b7e6d07def6c0dae9903279b","curitiba","PR","South",-49.33313993830729,-25.501030850103422
2391,"c5f7feb04a6a1fb3596322bfc3cf1917","sao caetano do sul","SP","Southeast",-46.564837338912426,-23.634902556306105
2392,"c60b801f2d52c7f7f91de00870882a75","guarulhos","SP","Southeast",-46.42265741739796,-23.4249441083876
2393,"c611f4ce9ce875bcc063fa97fd4d7d12","atibaia","SP","Southeast",-46.55435220767656,-23.109338900643955
2394,"c6218512d16fcac0af02fe92691cf274","contagem","MG","Southeast",-44.041858587022176,-19.94162809920232
2395,"c6381b1321d7d97717a5bb4ed5b77882","sao paulo","SP","Southeast",-46.61400637002963,-23.60131700883481
2396,"c6381d2d013342748761e906d45aff76","portao","RS","South",-51.23318877432423,-29.694204375791134
2397,"c64a2aec32cc408a8a4c6d7c46017f91","imbe","RS","South",-50.11914007834463,-29.94982349670396
2398,"c66dccfb3f109511246da627dd5a2498","registro","SP","Southeast",-47.84616128650985,-24.498837779550914
2399,"c679fb69a36e1d8349e8c50a217b4d58","caxias do sul","RS","South",-51.178313942502264,-29.16631381159491
2400,"c68fb906c8f4b4b946d8386bfa6e5467","jaboticabal","SP","Southeast",-48.320963873344816,-21.257173644663993
2401,"c6a7539d424a8402232c2228d7a03c5e","sao paulo","SP","Southeast",-46.57173940927547,-23.56880146453725
2402,"c6bda72e4dbf5c5866b13cb1810c6d03","sao paulo","SP","Southeast",-46.56597235661916,-23.530395619220247
2403,"c70a353f02429c00775a46a75fb787da","sao paulo","SP","Southeast",-46.479396724588405,-23.57127586906545
2404,"c70c1b0d8ca86052f45a432a38b73958","hortolandia","SP","Southeast",-47.19898012005197,-22.889982360458344
2405,"c714262700f93defc16bf17a51a4cb23","sao paulo","SP","Southeast",-46.6821277249256,-23.490900340040657
2406,"c716e0b86ed568878475b60fbb6323ad","rio de janeiro","SP","Southeast",-43.44889019919413,-22.984082408782132
2407,"c7246702dc991a06d788120dc7544391","fortaleza","CE","Northeast",-38.56817645033786,-3.758396168580586
2408,"c72de06d72748d1a0dfb2125be43ba63","guanambi","BA","Northeast",-42.78339770003472,-14.223207197286877
2409,"c731d18cea9bf687ffee82a241c25b11","concordia","SC","South",-52.02327989668861,-27.21992557329001
2410,"c747d5b92c7648417faea95d36d763e8","pacatuba","CE","Northeast",-38.615167640864634,-3.953841226097661
2411,"c74f14c1e26cf1bd5bd34b6a1e274426","sao miguel do oeste","SC","South",-53.51752991440853,-26.733413761251644
2412,"c76d418370990614e89e956c7a7567d9","taboao da serra","SP","Southeast",-46.80039548773421,-23.62370013493997
2413,"c79151301b9d90985d1fa52879213105","maringa","PR","South",-51.9551937045819,-23.387644893671027
2414,"c794dab4928dd97beb41d05514441e86","artur nogueira","SP","Southeast",-47.1657687687331,-22.57120786162832
2415,"c7a0a13cbcf29d5ce51c8f80afdc0b89","laurentino","SC","South",-49.731481761265776,-27.22122429012165
2416,"c7b7db6c8f3c64a7cc1afa634db21d50","sao paulo","SP","Southeast",-46.66726499000773,-23.651458409656644
2417,"c7bb64409aa480bb7d0335faaaf3d242","joinville","SC","South",-48.8615316520409,-26.272530923506324
2418,"c7c7b2682c648339a0e9846bb1023a39","braganca paulista","SP","Southeast",-46.53403089245788,-22.98175444793326
2419,"c7dcd301ecfe5ab7f778ac172cf74be7","belo horizonte","MG","Southeast",-43.93988998298764,-19.91852703015927
2420,"c7fdb77fdbff3c41981bc52f787e959e","santo andre","SP","Southeast",-46.49116730072025,-23.67120903205988
2421,"c8025364abeecb115431bf95c11a747f","porto alegre","RS","South",-51.19507108394752,-30.0435678695554
2422,"c8143b3069f6746a77421b5ce30a450c","abadia de goias","GO","Central-West",-49.438089420466014,-16.76706286540188
2423,"c826c40d7b19f62a09e2d7c5e7295ee2","guarulhos","SP","Southeast",-46.51134032474465,-23.436711113694077
2424,"c840d3fdbba0790404fdae73d253b253","curitiba","PR","South",-49.231063871318334,-25.46101647360314
2425,"c8417879a15366a17c30af34c798c332","sao paulo","SP","Southeast",-46.68526592421876,-23.6831997048296
2426,"c84592044b180dec206770c38603814b","sao paulo","SP","Southeast",-46.63188421270581,-23.539657127270956
2427,"c8467937e403e76a8ee9f0ab13f6f5ef","pocos de caldas","MG","Southeast",-46.56736517999682,-21.792838907017778
2428,"c847e075301870dd144a116762eaff9a","uberaba","MG","Southeast",-47.93914526044795,-19.760188995545466
2429,"c85d7b477a709c85a1e8b8f25aa1b270","sao bernardo do campo","SP","Southeast",-46.574868626731536,-23.6566288374043
2430,"c864036feaab8c1659f65ea4faebe1da","campo largo","PR","South",-49.55878492662088,-25.451028949732276
2431,"c8660dcf9ba70575f45d80fe28c27713","sao paulo","SP","Southeast",-46.622571665092934,-23.48965996001443
2432,"c8665a4dd081a2c436b1cd921079d0d9","pitangueiras","SP","Southeast",-48.219255640094126,-21.009874555429978
2433,"c8771b1a10bb99bb34d3c459c5cffb53","tocantins","SP","Southeast",-43.021932822233104,-21.1726252218232
2434,"c878515173c84a492ebe50d6b493230b","itaipulandia","PR","South",-54.30365145115528,-25.147980629391817
2435,"c87abc38c8ed3240861729e1aeadf221","sao paulo","SP","Southeast",-46.73033396272478,-23.626372677390453
2436,"c88f62b4c386a59281014d677864d016","arapongas","PR","South",-51.433661455899596,-23.424820380972886
2437,"c89cf7c468a48af70aada384e722f9e2","petropolis","RJ","Southeast",-43.13140914649256,-22.408608081087035
2438,"c8b0e2b0a7095e5d8219575d5e7e1181","itaquaquecetuba","SP","Southeast",-46.32528745224136,-23.466988487507592
2439,"c8b3445d737de6befde0c88ede534a5e","sao paulo","SP","Southeast",-46.7434681207222,-23.62569896288815
2440,"c8c1bea22194a4eefa2dc9a9fa89f536","porto belo","SC","South",-48.570047043580054,-27.15728166876612
2441,"c8cc60ffd415254af5d9b9f34f32c369","sorocaba","SP","Southeast",-47.518579280491025,-23.501131587536285
2442,"c8e135e7b21ecbc36c1153a29d2f5a06","sao paulo","SP","Southeast",-46.664059567949934,-23.564247867542992
2443,"c963a25b8671419c6ce9eebe8fd03218","angra dos reis rj","RJ","Southeast",-44.39440102941617,-22.942733002502077
2444,"c97aa4ee7420f937da13b7f9e2228b99","novo hamburgo","RS","South",-51.123471343610916,-29.682440885033067
2445,"c990d6cf976a5718aaedc539f383ab88","paulinia","SP","Southeast",-47.17665406567105,-22.735332235607448
2446,"c9a06ece156bb057372c68718ec8909b","brasilia","DF","Central-West",-47.809510385882696,-15.657448058889154
2447,"c9aafcd0621b2207c10e32c649cada4d","sao paulo","SP","Southeast",-46.44672815165373,-23.495362043427065
2448,"c9c7905cffc4ef9ff9f113554423e671","itapecerica da serra","SP","Southeast",-46.856657311687435,-23.724055488204502
2449,"c9d2ba8dde44a275ae06475ed1d2fafc","uberlandia","MG","Southeast",-48.27821224449982,-18.913247873843893
2450,"c9e5ad1f6647f5dbd1172adf6ae3cada","porto alegre","RS","South",-51.19631899770257,-30.00409696311078
2451,"ca3bd7cd9f149df75950150d010fe4a2","sao paulo","SP","Southeast",-46.66280936272233,-23.64352701824689
2452,"ca4b77513ac2040591b0d8fae6958380","sando andre","SP","Southeast",-46.53815742287354,-23.67391548382347
2453,"ca5832c6960267b71041f74bb39e8b12","xanxere","SC","South",-52.40399465779401,-26.876415100422584
2454,"ca77545ca4d2dfd1431bf61334e2fa3c","maringa","PR","South",-51.942038144347315,-23.412914306185964
2455,"ca7c6bd577e559472af1c699de9e764e","sao bernardo do campo","SP","Southeast",-46.570414288708626,-23.72488504911052
2456,"caa9bc43a9fe8cf9c564ddd8a03cc4a6","jacarei","SP","Southeast",-45.96265248801375,-23.303916909849324
2457,"cab85505710c7cb9b720bceb52b01cee","sao paulo","SP","Southeast",-46.58831651709552,-23.47874415112702
2458,"cac4c8e7b1ca6252d8f20b2fc1a2e4af","indaiatuba","SP","Southeast",-47.227975141375694,-23.13411287780508
2459,"cac4e0bc1a3269fa2b6ea5e763f6115b","brusque","SC","South",-48.91775570249225,-27.085078646516095
2460,"cac63f48c38cd7d002a7e846dcd99a23","sumare","SP","Southeast",-47.27033542521254,-22.822136510808793
2461,"cac876b37d3abcd6bd76caca30277996","cascavel","PR","South",-53.42517181498286,-24.951755468655858
2462,"cad10cc982ab6a391570c211b995c17c","avare","SP","Southeast",-48.91419147685258,-23.103845020089437
2463,"cad9969167c09b48ae6f1d123f7fa68d","pocos de caldas","MG","Southeast",-46.54939078654482,-21.830410228340412
2464,"cb0b3bcf14e0a709df412a99424a59d7","sao paulo","SP","Southeast",-46.59315292295777,-23.623600984620346
2465,"cb162c8eef257253782d245c08d9097c","barueri","SP","Southeast",-46.88530037074255,-23.47693366026075
2466,"cb32766839f443db85c82a43c4a6c19e","rio claro","SP","Southeast",-47.54851112572863,-22.39176554058553
2467,"cb3dd9ce66268c7a3ca7241ac70ab58c","sao paulo","SP","Southeast",-46.611494569062344,-23.527259032999197
2468,"cb41bfbcbda0aea354a834ab222f9a59","sao paulo","SP","Southeast",-46.52164439061696,-23.54706743134006
2469,"cb4a705d00e100b9732d0ca34817d441","florianopolis","SC","South",-48.49191371378214,-27.528367115974625
2470,"cb5df0dcb9e280b1780e9d589889f2c7","bady bassitt","SP","Southeast",-49.45081883954136,-20.917115337770678
2471,"cb5ff1b9715e99589f3e0c7a6afab9e3","maringa","PR","South",-51.953423054480645,-23.449039756796452
2472,"cb6c9f5888a7a090c75beaf615925792","vila velha","ES","Southeast",-40.29549349586974,-20.33959604188587
2473,"cb810bd318f51b3dc3c753944d61a1fa","niteroi","RJ","Southeast",-43.09915756428691,-22.8972372325489
2474,"cb8bcce248bb1fb274ba762d8b971456","santa rita do sapucai","MG","Southeast",-45.70752067761215,-22.247210939506793
2475,"cb9fb4ca75d7ba8437480e8dde64fe98","sao paulo","SP","Southeast",-46.50341967916688,-23.533203550140833
2476,"cbbd5ae8f53de5f5097cd8217b529e24","santana de parnaiba","SP","Southeast",-46.85247290281747,-23.463703230285844
2477,"cbd996ad3c1b7dc71fd0e5f5df9087e2","sao jose do rio preto","SP","Southeast",-49.36263006718715,-20.844794690892613
2478,"cbf09e831b0c11f6f23ffb51004db972","sbc/sp","SP","Southeast",-46.56182137843303,-23.688079710607823
2479,"cc1f04647be106ba74e62b21f358af25","sao paulo","SP","Southeast",-46.68107186058529,-23.479398517928054
2480,"cc3d14116804f7209f3884f6367f1152","curitiba","PR","South",-49.21739574951017,-25.457666569768072
2481,"cc419e0650a3c5ba77189a1882b7556a","santo andre","SP","Southeast",-46.523183340521726,-23.659363636440858
2482,"cc5a78bbad32776dc4e3af205218368c","divinopolis","MG","Southeast",-44.90191602362892,-20.162109146386353
2483,"cc63f0dd2acba93ffed4fe9f8e0321fa","sao jose do rio preto","SP","Southeast",-49.38916453524917,-20.806706931018397
2484,"cc80e2f693fa6e2408f47ccf62413fc1","curitiba","PR","South",-49.3020273557388,-25.490559269496057
2485,"cca3071e3e9bb7d12640c9fbe2301306","ibitinga","SP","Southeast",-48.82974353343713,-21.757320637712766
2486,"ccada0ef508e698917a6eab263375905","pato bragado","PR","South",-54.22673085775215,-24.625809140863744
2487,"ccb83a794700270fde70898fe9ff368b","sombrio","SC","South",-49.63523203121822,-29.10846525296456
2488,"ccbd753e6863fe7314dc6c0ca5a074e7","blumenau","SC","South",-49.142028750845995,-26.932024747628567
2489,"ccc4bbb5f32a6ab2b7066a4130f114e3","curitiba","PR","South",-49.309454983953636,-25.45693388285516
2490,"cce6ab8d1682639fe45ab70234f1665f","curitiba","SP","Southeast",-49.28777755263099,-25.489784860457984
2491,"ccf8813e5a7d6c84d865cd38bfc2b130","taubate","SP","Southeast",-45.55084735573734,-23.022806049124334
2492,"cd06602b43d8800bd0afad514919d35c","sao paulo","SP","Southeast",-46.63462180317358,-23.59680394879425
2493,"cd2169d9f31ff6fbb9ca3373b0c9e354","nova friburgo","RJ","Southeast",-42.525863570577954,-22.23802521827311
2494,"cd233f8bfa30ebfd651f47ee7d054951","birigui","SP","Southeast",-50.32219195367088,-21.244883680727135
2495,"cd3d09fbe6e3e9ff0c0ac0c300e93ae7","nova odessa","SP","Southeast",-47.31253714174073,-22.785778889541046
2496,"cd52a8efd71af3336b14b5039b951cc1","palhoca","SP","Southeast",-48.70947771325603,-27.640827548878644
2497,"cd68562d3f44870c08922d380acae552","ribeirao preto","SP","Southeast",-47.823699739561384,-21.172861452750706
2498,"cd6efc47efaabf134f8bdb654e10b4f1","rio de janeiro","RJ","Southeast",-43.56641006132979,-22.906374170614946
2499,"cd843d4cf8ef32827de0396605163ba3","juiz de fora","MG","Southeast",-43.31619269603936,-21.772902260434623
2500,"cda598c48d7c614bc1cad7d8ff6f0010","mirassol","SP","Southeast",-49.49248723758537,-20.821706801126325
2501,"ce20a2ec1514c25e16f2b5b39bc818f0","sao paulo","SP","Southeast",-46.75144799620902,-23.434724295187742
2502,"ce248b21cb2adc36282ede306b7660e5","jaragua do sul","SC","South",-49.08123612140746,-26.48669076477055
2503,"ce27a3cc3c8cc1ea79d11e561e9bebb6","sao paulo","SP","Southeast",-46.62455025944192,-23.541812243632904
2504,"ce33c6211beaa8fef4cae8b52db39862","suzano","SP","Southeast",-46.30568570187292,-23.593812738366193
2505,"ce3ad9de960102d0677a81f5d0bb7b2d","rio de janeiro","RJ","Southeast",-43.177703112986926,-22.90957243765554
2506,"ce4755084bc097113867e6454f8f5e52","ribeirao preto","SP","Southeast",-47.78842912306861,-21.17989319210998
2507,"ce616e1913288884e7742faac9d981db","cotia","SP","Southeast",-46.8391940932633,-23.606018265096562
2508,"ce69a8021d18961dd2a40269b7c2c293","curitiba","PR","South",-49.303836794009264,-25.48933940885059
2509,"ce7d1888639e6fb06b2749cbfdac1ff7","baependi","MG","Southeast",-44.889036280554215,-21.961660896718737
2510,"cea729054f157f5870bdd321a958d994","sao paulo","SP","Southeast",-46.563386176408315,-23.57727689232054
2511,"ceaec5548eefc6e23e6607c5435102e7","sao paulo","SP","Southeast",-46.503342898739746,-23.49450896066172
2512,"ceb7b4fb9401cd378de7886317ad1b47","04482255","RJ","Southeast",-43.46551954103294,-23.012986504226507
2513,"cecd97bc34ed8330bd4cd15713eda670","cordilheira alta","SC","South",-52.60331776416496,-26.986388569060697
2514,"cee48807215b30a12ca2ca10ffb5f250","guaruja","SP","Southeast",-46.27873912129404,-23.995826199432802
2515,"cf1313c6e2c01c2f4b014f97db4bcd2b","rio de janeiro \rio de janeiro","RJ","Southeast",-43.18771945633726,-22.972595655601573
2516,"cf2384dd2f1dddea3f838efed0945e65","serra negra","SP","Southeast",-46.709593428612365,-22.614621137795275
2517,"cf281cf8b7affbdfe751b29cc85580e1","eusebio","CE","Northeast",-38.458657123059716,-3.87808461283757
2518,"cf654707ed6a99f112c7ec3d6f314b8b","sao paulo","SP","Southeast",-46.667495364375995,-23.62310189768391
2519,"cf6f6bc4df3999b9c6440f124fb2f687","sao paulo","SP","Southeast",-46.76122292477737,-23.68602726400406
2520,"cf8ab1616079e2793aa29d524df01bb1","sao paulo","SP","Southeast",-46.66127657930586,-23.605905918512406
2521,"cfa5ab0e4d3fc212fd0b3410e7081c62","uba","MG","Southeast",-42.94287086370393,-21.117760548690043
2522,"cfb1a033743668a192316f3c6d1d2671","votorantim","SP","Southeast",-47.45738003311677,-23.5433196237979
2523,"cfd7ddab722b902f7ac5b5f3ba6d723d","contagem","MG","Southeast",-44.02640958503362,-19.920569470900052
2524,"cfe94489ddd337d1e29e12f2a7205d10","sao paulo","SP","Southeast",-46.58779032038251,-23.553470005511663
2525,"d03698c2efd04a549382afa6623e27fb","ilheus","BA","Northeast",-39.05732606895029,-14.778697541236195
2526,"d05ae8f7a5bd1d2a690a44cd079e4e27","rio de janeiro","RJ","Southeast",-43.383065237968154,-22.969148201152674
2527,"d06d019f72a04e5497a0b64190af170c","cotia","SP","Southeast",-46.91199369968681,-23.59673234360231
2528,"d0d70d21e2234dd7cd3cf63fe414148a","sao bento","PB","Northeast",-37.451862106329045,-6.491794555348289
2529,"d101c6da914ae3d53f7bee42283f2fe2","sao paulo","SP","Southeast",-46.4842937005647,-23.511511562483935
2530,"d12c926d74ceff0a90a21184466ce161","sao paulo","SP","Southeast",-46.65040414879299,-23.457633381348316
2531,"d13e50eaa47b4cbe9eb81465865d8cfc","santo andre","SP","Southeast",-46.52809787861087,-23.637381848852485
2532,"d149de2f383552baea37a7198c2296ce","sao paulo","SP","Southeast",-46.6084949153963,-23.64889343688687
2533,"d1582f4043306e6b91afa6a8a884f898","sao paulo","SP","Southeast",-46.52872608862628,-23.548768170341052
2534,"d17f467e4bf608a510c20d82f4ba3b6b","caxias do sul","RS","South",-51.18729485057533,-29.19067121012148
2535,"d180e07dc1e58c31c3f0cd599dc4d945","belo horizonte","MG","Southeast",-44.00137386328225,-19.98331916932688
2536,"d197aa8fbc64087f61984deef05f6227","sao jose dos campos","SP","Southeast",-45.823462362520296,-23.178300100887494
2537,"d1a1b40ec554c593a1a99366746289dd","pato branco","PR","South",-52.67454717796047,-26.226411667052993
2538,"d1a5cc844736958c11b8efab9a2b4c87","curitiba","PR","South",-49.309454983953636,-25.45693388285516
2539,"d1aa1ec0839dcab73a6161130eb1f94a","curitiba","PR","South",-49.26500692384353,-25.456349625618472
2540,"d1b65fc7debc3361ea86b5f14c68d2e2","mogi guacu","SP","Southeast",-46.94792654261969,-22.383436514042817
2541,"d1b9d4be4b6f9ebd85f8acd6745ba612","nova lima","MG","Southeast",-43.93981496058216,-19.980486288814678
2542,"d1c281d3ae149232351cd8c8cc885f0d","ibitinga","SP","Southeast",-48.82974353343713,-21.757320637712766
2543,"d1c7fa84e48cfa21a0e595167c1c500e","jacutinga","RS","South",-52.5365351282369,-27.728956133348813
2544,"d1e2fe627180431ffda076abb303c56f","rio de janeiro","RJ","Southeast",-43.06655787630404,-22.651419516496585
2545,"d1ef48b38baca7e831711c4a0aeb398f","apucarana","PR","South",-51.46575603144135,-23.55447708066191
2546,"d20b021d3efdf267a402c402a48ea64b","ibitinga","SP","Southeast",-48.82974353343713,-21.757320637712766
2547,"d23019c84ffae2d5ef2270367b8605fc","londrina","PR","South",-51.18924552681823,-23.281536071411566
2548,"d2374cbcbb3ca4ab1086534108cc3ab7","ibitinga","SP","Southeast",-48.82974353343713,-21.757320637712766
2549,"d2572f31e9023e9850ef986a636ff9bf","belo horizonte","MG","Southeast",-44.02064083006473,-19.977377243819177
2550,"d25aa0aaacb370e912f8cf6efeba38b3","massaranduba","SC","South",-49.00253404801828,-26.610216926670343
2551,"d263fa444c1504a75cbca5cc465f592a","americana","SP","Southeast",-47.31203571315089,-22.743646919862503
2552,"d26aa40b90272d4843d63be7c1462c8d","sao paulo","SP","Southeast",-46.578948292315204,-23.53737143220105
2553,"d297f1055de2956aedfd3b04113dce3e","nova odessa","SP","Southeast",-47.30746366559665,-22.800422818214695
2554,"d29ba1220fb8634fa3a107e54497b8a4","sao carlos","SP","Southeast",-47.890181085560954,-22.01500436480162
2555,"d2df77822373f19934e87694d8640767","arapongas","PR","South",-51.42388542180935,-23.427901225690103
2556,"d2e753bb80b7d4faa77483ed00edc8ca","porto seguro","BA","Northeast",-39.075628672281674,-16.432027097855745
2557,"d2f3e277560ed4c6361284429b00f037","atibaia","SP","Southeast",-46.56005009398448,-23.12280918290881
2558,"d32e3909cfb714fb2a6cb092c85b9c5f","jundiai","SP","Southeast",-46.886715164164926,-23.169668058717317
2559,"d354c38a7182125a748cb10474fe963b","aperibe","RJ","Southeast",-42.10489089799901,-21.625829988988215
2560,"d3674f271c91f824f82d24d92011f669","brasilia","DF","Central-West",-48.11250056242789,-15.847901414408227
2561,"d36b07fd3c5088e477a72d1fccfe29d4","itapetininga","SP","Southeast",-48.044869013829825,-23.587565723331036
2562,"d379f449f2a3b271bc01c0782020f705","divinopolis","MG","Southeast",-44.88407963221903,-20.1403596878013
2563,"d3891911c2feae53c52fea2bd14054e5","sao paulo","SP","Southeast",-46.773140950018394,-23.61347448210384
2564,"d3dcf0604eabf0224fbd5948b5e02f69","sao paulo","SP","Southeast",-46.517028705036076,-23.525219436926424
2565,"d3e7d37c0df9aef383f3f2a15b0dddfb","sao jose dos pinhais","PR","South",-49.177153314300135,-25.499611064183387
2566,"d3f39f05462b79a4562d35893a28f159","mococa","SP","Southeast",-47.0053072961284,-21.466660105003783
2567,"d4828feed4cda2cd9d6b37899a95a71e","juzeiro do norte","CE","Northeast",-39.30961254620596,-7.2145228423915375
2568,"d4910f1cdcfdabd48d6b316e395d4a23","santo andre","SP","Southeast",-46.53815742287354,-23.67391548382347
2569,"d4a5e99e0dd915df64ba55a7fbd583fd","sao paulo","SP","Southeast",-46.69580554263966,-23.52385994109238
2570,"d4d99b60c4c94cd35acd502cec65dc8d","sao paulo","SP","Southeast",-46.737425375843934,-23.67379408515461
2571,"d4e12e7884759a14fa0f5f896c791cae","sao paulo","SP","Southeast",-46.603991023751746,-23.48761470851276
2572,"d4e4b5192cba4e0e66eb12a9d347239d","toledo","PR","South",-53.747606481343865,-24.711673570658885
2573,"d4f117125b59ce73c3302f88ee40c458","sao paulo","SP","Southeast",-46.64822333219872,-23.610279226711647
2574,"d4f91e8be86b38da2ee35bc489645a9d","guaratingueta","SP","Southeast",-45.207735146947634,-22.778161755463493
2575,"d4ffeb15b67e81ff9af2b4252d99fb7e","atibaia","SP","Southeast",-46.569120552016265,-23.127776892616296
2576,"d50d79cb34e38265a8649c383dcffd48","sao paulo","SP","Southeast",-46.452661287455506,-23.55364177873547
2577,"d51e0a403fe2e689ece6c73359d96e12","pompeia","SP","Southeast",-50.17893613850752,-22.10367343012363
2578,"d52cbce9845184537284a23c3bc3da0e","garopaba","SC","South",-48.6314633279986,-28.038737678812925
2579,"d558ebe531605a1285ab2b1bc3256dfb","divinopolis","MG","Southeast",-44.90191602362892,-20.162109146386353
2580,"d566c37fa119d5e66c4e9052e83ee4ea","sao paulo","SP","Southeast",-46.617937272279974,-23.606343652836532
2581,"d57e18d5f73c7ccb7f7339b61166898d","sao paulo","SP","Southeast",-46.533632452774356,-23.519193185045896
2582,"d58d521f3789def2e7a22715e0badd93","sao paulo","SP","Southeast",-46.534243026514595,-23.52785838457847
2583,"d594982fd877af63ace38ea1fca27c76","sao paulo","SP","Southeast",-46.63508761691669,-23.541905853440447
2584,"d598f929fc44e1e38678e7f47250ec04","formosa","GO","Central-West",-47.33733368967048,-15.54095046484551
2585,"d5b9a084373da994a6e37f732169a853","santo andre","SP","Southeast",-46.53032152014561,-23.69739633946055
2586,"d5ba419e26d246a0719437cf37d9b46d","sao paulo","SP","Southeast",-46.52911922454966,-23.558495308932887
2587,"d5c530f4884a75ae0dba9c148718d278","centro","MG","Southeast",-44.6088222607113,-19.8535411212119
2588,"d624126b9206f595fb3fbb6ba03b28a8","curitiba","PR","South",-49.25391641223166,-25.42573016525757
2589,"d63c73efd41eb002280e7ec831424edb","piracicaba","SP","Southeast",-47.664700852471455,-22.708702100662567
2590,"d63f306de130e0391d38a792541723b8","sao paulo","SP","Southeast",-46.55338609910962,-23.592368116490825
2591,"d650b663c3b5f6fb392b6326366efa9a","cotia","SP","Southeast",-46.87058604050327,-23.62842740833009
2592,"d65f31d2413268e671989503f6cf9993","artur nogueira","SP","Southeast",-47.1657687687331,-22.57120786162832
2593,"d66c11a9572221d92fbb8c4897db5f9b","rio de janeiro","RJ","Southeast",-43.2860135732632,-22.892631104117832
2594,"d66c305afaec317ebee552073a674429","ribeirao das neves","MG","Southeast",-44.01332146196757,-19.80500460769664
2595,"d673a59aac7a70d8b01e6902bf090a11","ibitinga","SP","Southeast",-48.82974353343713,-21.757320637712766
2596,"d6ab728cf30867cf3f1a2e216ae2f9b7","sao paulo","SP","Southeast",-46.583034589807156,-23.563384434881435
2597,"d6b1ce66b035a475f00c017792ff9769","salto","SP","Southeast",-47.31338383666045,-23.179531489945607
2598,"d6b664fa0667064c6d76394e7848d790","araraquara","SP","Southeast",-48.185502465188456,-21.790782716262648
2599,"d6cd01c59123df02fc226eadbadb5f89","sao paulo","SP","Southeast",-46.63865415001012,-23.53917556013519
2600,"d71d863e5ef30d94e440c11be17dcd8f","osasco","SP","Southeast",-46.80093561012174,-23.566932612528714
2601,"d73cbd89533ce8b041a9190241453ac8","guiricema","MG","Southeast",-42.72034572426051,-21.00463525274551
2602,"d7485b33791774c36108f8c69602d48d","curitiba","PR","South",-49.28777755263099,-25.489784860457984
2603,"d7827b2af99326a03b0ed9c7a24db0d3","londrina","SP","Southeast",-51.179282617539315,-23.286254246321683
2604,"d79e8478eed9999493990b44955fb22e","rio de janeiro / rio de janeiro","RJ","Southeast",-43.183329920606404,-22.89771508330022
2605,"d7ab82074b5f1dfba46db123df101bff","atibaia","SP","Southeast",-46.54158063237094,-23.123122478910517
2606,"d7b2377bae6ace1b11fc69a11900ac36","sao paulo","SP","Southeast",-46.631370260204655,-23.471948352737517
2607,"d7d517afce974cd491b8d52bb5b5b1fc","sao paulo","SP","Southeast",-46.53293130897666,-23.53474002639768
2608,"d7f1cfc638473be93baedbfd02208016","belford roxo","RJ","Southeast",-43.40218859295182,-22.74889076354042
2609,"d85efbc8eff2b7adf524e2820569adc8","sao paulo","SP","Southeast",-46.78398626533279,-23.4408554554362
2610,"d8b8f2cf9ff6ba0389072541cb42498c","formosa","GO","Central-West",-47.32949631600096,-15.550183236860988
2611,"d8bf0fc082fd4a77fc2e5679b6c00133","sao paulo","SP","Southeast",-46.586620659653406,-23.56417824378092
2612,"d8c7ba53e7e38711eaef8c2849d6d2e1","floresta","PR","South",-52.08279443392809,-23.614374068425708
2613,"d8cf3b6a2151949f930d0252b180ec42","mandaguacu","PR","South",-52.09904825765635,-23.344955912199215
2614,"d8d9567d0bfb0bc7eb845a205ba42657","sao paulo","SP","Southeast",-46.48405348285506,-23.527952279641305
2615,"d8dd176509baa37f359644d082bf7f7b","sao caetano do sul","SP","Southeast",-46.56543098226678,-23.632744917274685
2616,"d90fe2229fee1a5da999ccd0c06c1667","sao paulo","SP","Southeast",-46.54936097955296,-23.560981287940987
2617,"d91fb3b7d041e83b64a00a3edfb37e4f","praia grande","SP","Southeast",-46.47823694263504,-24.026525667888205
2618,"d921b68bf747894be13a97ae52b0f386","formiga","MG","Southeast",-45.433058998165116,-20.46253562176836
2619,"d93844a9c55ba7ce353388bcf849ea56","curitiba","PR","South",-49.34546729400173,-25.40455664878175
2620,"d93919c944be9cff128f6c9cb899eacb","mombuca","SP","Southeast",-46.02311914850127,-20.569366475414434
2621,"d93b8458c6fe139d85cfa5eadbf55bd2","sao paulo","SP","Southeast",-46.57158333882553,-23.471205040999262
2622,"d9442042130b7fe579d1295f9f4a248f","sao paulo","SP","Southeast",-46.506915082203044,-23.53123454241979
2623,"d94a40fd42351c259927028d163af842","baependi","MG","Southeast",-44.889036280554215,-21.961660896718737
2624,"d94ba08b99bedd6a5f6c875ecc4a6fac","apucarana","PR","South",-51.46575603144135,-23.55447708066191
2625,"d97df38225e5abadaff1e72cb72b823c","sao caetano do sul","SP","Southeast",-46.55438133370328,-23.632642413705756
2626,"d98eec89afa3380e14463da2aabaea72","porto alegre","RS","South",-51.231437899598326,-30.03321276448013
2627,"d9a84e1403de8da0c3aa531d6d108ba6","sao paulo","SP","Southeast",-46.49672422149789,-23.544852886519543
2628,"d9b00a97818674c7f8d8b1ef0e689679","ponta grossa","PR","South",-50.152437469950655,-25.10727190687243
2629,"d9bd94811c3338dceb4181f3dbc0c73e","sao paulo","SP","Southeast",-46.594441868372506,-23.64705656492504
2630,"d9c349beabc06aa6ff1c6d68b5e9e22e","sao paulo","SP","Southeast",-46.48903942302319,-23.556220672742565
2631,"d9cb0052a666de5308b32f32ad5f1b1c","olimpia","SP","Southeast",-48.90903646625077,-20.737529991999665
2632,"d9cd369bffa979d1634f8e1318bf2f1b","bady bassitt","SP","Southeast",-49.45081883954136,-20.917115337770678
2633,"d9d43faf741ceaa8da52fdbb81d9e0e3","juiz de fora","SP","Southeast",-43.34597324239811,-21.764571387448203
2634,"d9e7e7778b32987280a6f2cb9a39c57d","sao paulo","SP","Southeast",-46.578130321226936,-23.545147862770502
2635,"d9e8c084b68fe958861d8f2c21202e6b","sao paulo","SP","Southeast",-46.757242277327286,-23.59461802777046
2636,"da03c298e3999e9d828591fc2179d109","sao paulo","SP","Southeast",-46.644833875540314,-23.601426675448273
2637,"da20530872245d6cd9d2f5725613c430","igrejinha","RS","South",-50.794729763963296,-29.571977530057968
2638,"da2782c804606d2a5d8e1760dbb3e7ec","sao paulo","SP","Southeast",-46.6376709347386,-23.504073903424537
2639,"da3fede3469bf49b7293ce3fc45b294d","mogi das cruzes","SP","Southeast",-46.218132250650505,-23.555409578770277
2640,"da4d149c0ddbac90557103ac0a0ec356","sbc","SP","Southeast",-46.581331687353014,-23.707693503963625
2641,"da6a60cc8cc724fe51be021ff8be779c","sao pedro da aldeia","RJ","Southeast",-42.16440529771769,-22.809810356113022
2642,"da7039f29f90ce5b4846ffc0fcc93beb","santo andre","SP","Southeast",-46.538607058455,-23.66344269074566
2643,"da8622b14eb17ae2831f4ac5b9dab84a","piracicaba","SP","Southeast",-47.664700852471455,-22.708702100662567
2644,"dace965ca58120f92f8d742a9fa1864b","sao paulo","SP","Southeast",-47.80747857476064,-21.181218575214746
2645,"dadc51ef321949ec9a3ab25cd902e23d","sao paulo","SP","Southeast",-46.68743068181803,-23.725766825941562
2646,"daeb5653dd96c1b11860f72209795012","belo horizonte","MG","Southeast",-43.98232611271479,-19.873399844484616
2647,"daf565f087a52def0fd5c5825b3661bc","brusque","SC","South",-48.93331822533233,-27.105724111171046
2648,"db1f0f7c7e5e87f40b62226f020bb297","pinhais","PR","South",-49.184972932901424,-25.45822497671693
2649,"db2956745b3a8e9f3785c99f34b5d25e","sao sebastiao","SP","Southeast",-45.52529592946439,-23.77173175444799
2650,"db4350fd57ae30082dec7acbaacc17f9","sao paulo","SP","Southeast",-46.59132639890193,-23.580395310431417
2651,"db46ca7bce82b11f7e247539271fc390","rio de janeiro","RJ","Southeast",-43.5654214051635,-22.89853933540846
2652,"db6a4d4b5f1f5f98820ce6ce2619e2de","sao paulo","SP","Southeast",-46.70767471614631,-23.47932357125712
2653,"db7ed69a53aa9fb1c01930ba54a88bbe","jaguariuna","SP","Southeast",-46.98287754029339,-22.692948844892886
2654,"dbb9b48c841a0e39e21f98e1a6b2ec3e","sao paulo","SP","Southeast",-46.49030091198301,-23.605514428769727
2655,"dbbcfe2c8d026742134ac3e28ccde274","curitiba","PR","South",-49.25480361170288,-25.48303081488762
2656,"dbc22125167c298ef99da25668e1011f","borda da mata","MG","Southeast",-46.17112394057631,-22.262584130235293
2657,"dbc51f5e45d654ecc16cb68e6817ecea","franca","SP","Southeast",-47.364272201308715,-20.523653408304646
2658,"dbd66278cbfe1aa1000f90a217ca4695","sao paulo","SP","Southeast",-46.74118636634989,-23.57601657708377
2659,"dbdd0ec73a4817971d962698f2fea022","fortaleza","CE","Northeast",-38.567945481184445,-3.7866266682213277
2660,"dbec9a0a7efeff029d4d9dce7dc4cc95","belo horizonte","MG","Southeast",-43.91255799664469,-19.870855445819213
2661,"dc120d932ddf9d4dfb6fd68beefda622","sao jose dos pinhais","PR","South",-49.18219514723537,-25.542326473535166
2662,"dc317f341ab0e22f39acbd9dbf9b4a1f","cachoeirinha","RS","South",-51.097790640776445,-29.952693335515917
2663,"dc4a0fc896dc34b0d5bfec8438291c80","ibitinga","SP","Southeast",-48.82974353343713,-21.757320637712766
2664,"dc50afafdfa325eadc890c7fa42a8f4e","maringa","PR","South",-51.91823531933558,-23.43113060537283
2665,"dc64d75cc406bb0697be983831430e60","belo horizonte","MG","Southeast",-43.97441181935798,-19.838499894736227
2666,"dc7192adf8ba09569261f4a8d576afe0","itapeva","SP","Southeast",-48.87104664329505,-23.974148024905684
2667,"dc8798cbf453b7e0f98745e396cc5616","sao paulo","SP","Southeast",-46.71185447158925,-23.54138303936125
2668,"dcb7367a92f5ffb89f1e2152ed260285","osvaldo cruz","SP","Southeast",-50.879277765103005,-21.795711019289445
2669,"dcf3755cefcdc158ad0b7bdde51e871b","cachoeira do sul","RS","South",-52.91233224127847,-30.023143547065164
2670,"dd264199fc8b687ad029de7de6d760e6","cascavel","PR","South",-53.42368146577138,-24.93406854509024
2671,"dd2bdf855a9172734fbc3744021ae9b9","belo horizonte","MG","Southeast",-43.95094395435073,-19.86949505446246
2672,"dd39ad39b5d3df33037e141c72497ba6","sao paulo","SP","Southeast",-46.61104029757758,-23.607575585182428
2673,"dd4d95ba2d15c071e6c695e2ef6ce169","cachoeiro de itapemirim","ES","Southeast",-41.1548455256115,-20.847164397952103
2674,"dd533b429f380718b70ad9922c294bae","barretos","SP","Southeast",-48.55891073056784,-20.538930163096836
2675,"dd5450b022b2d00a2145a66331e1aef6","joinville","SC","South",-48.832746481119635,-26.34349031361258
2676,"dd55f1bb788714a40e7954c3be6df745","sao paulo","SP","Southeast",-46.632143233862486,-23.543000459064803
2677,"dd58ee93286b0821565574c570e9e1dc","curitiba","PR","South",-49.23598691501027,-25.492494769533142
2678,"dd7ddc04e1b6c2c614352b383efe2d36","sao paulo","SP","Southeast",-46.51856509433425,-23.565095619050492
2679,"dd88d13bea9e4c2bf47daf224f8141e5","lajeado","RS","South",-51.96671716734519,-29.460556715554084
2680,"dd8a29ce82d5c705ba932d81494600a5","sao paulo","SP","Southeast",-46.46658306778087,-23.537410323865338
2681,"dd9661d3cda1e6feb237f0c4d8b26f2e","campos novos","SC","South",-51.225564957350315,-27.39905523530042
2682,"dda37071807e404c5bb2a1590c66326f","sao paulo","SP","Southeast",-46.54391819853243,-23.588614272951954
2683,"ddd51ae8cda92f3995a51fc0f0f3eec7","rio de janeiro","RJ","Southeast",-43.59917193270753,-22.90265768897671
2684,"dde698c6d0bd24834c586e5111c2bba7","petropolis","RJ","Southeast",-43.16802113480931,-22.332412531990567
2685,"de09d00cfc265b8804c7df34075a68fa","sao paulo","SP","Southeast",-46.592774634882375,-23.515006511347327
2686,"de0c78824586e9a5f5f04fd84e25df39","vargem grande paulista","SP","Southeast",-47.01272716168212,-23.622578843657756
2687,"de23c3b98a88888289c6f5cc1209054a","sao paulo","SP","Southeast",-46.71705184930481,-23.576698021490962
2688,"de66a66f2dd06bb9ec37aa96987466a3","rio de janeiro","RJ","Southeast",-43.23052438041677,-22.89952439510986
2689,"de722cd6dad950a92b7d4f82673f8833","recife","PE","Northeast",-34.93253582376317,-8.135890720198347
2690,"de9727ca376d1be6ec121b110aa7954c","sarandi","PR","South",-51.86670281115602,-23.433450486351425
2691,"deaadd805612bf94faaa9fa702516e11","sao paulo","SP","Southeast",-46.755016657293524,-23.62443867527938
2692,"debe6615cd90cc0c2eac2b8988e1f628","sao paulo","SP","Southeast",-46.61104029757758,-23.607575585182428
2693,"dedcab67899479e4ea5dcc4eba47f587","jaragua do sul","SC","South",-49.05208077176978,-26.491580915704773
2694,"dee656f0f566ed1aa85bd137c943f08f","cruzeiro","SP","Southeast",-44.961549057409044,-22.578126240918923
2695,"df0f42bc4c2142eacf0eaf2cffd0cfbb","itajai","SC","South",-48.63936784351653,-26.93935158546252
2696,"df47da4ae86fa4db890d05aaf24e21d8","sao paulo","SP","Southeast",-46.66328463779025,-23.64003625615019
2697,"df560393f3a51e74553ab94004ba5c87","loanda","PR","South",-53.13587259427024,-22.9293837852093
2698,"df56d7b40d437f88407c5f78b63bc328","cascavel","PR","South",-53.44792000110513,-24.94935913379545
2699,"df683dfda87bf71ac3fc63063fba369d","farroupilha","RS","South",-51.348650787139775,-29.227090400657925
2700,"df91910b6a03bb2e3358fa6a35e32f6f","sao paulo","SP","Southeast",-46.55438133370328,-23.632642413705756
2701,"dfa0c4c6229ab200a4a1336b4d7128ff","florianopolis","SC","South",-48.59271208975145,-27.60657304539599
2702,"dfc475d54e1b6dbeeb7d7d9bdaa63827","curitiba","PR","South",-49.33432433759196,-25.540551776875077
2703,"dfc5fb7259bb2b599ca565e6e9448f0f","sao bernardo do campo","SP","Southeast",-46.53726820837794,-23.715049594657156
2704,"dff87e4de60c9736ce8df835951b09bc","sao paulo","SP","Southeast",-46.58532810957918,-23.552702742255768
2705,"e00d85ce20ea50c1224c66ca5050527d","osasco","SP","Southeast",-46.772058721455856,-23.50655625612318
2706,"e0482f2c769468c3bbcd8a01e09d98c5","sao paulo","SP","Southeast",-46.59842363518738,-23.451350418041013
2707,"e0487761face83d64fcada2408959a36","sao paulo","SP","Southeast",-46.632143233862486,-23.543000459064803
2708,"e067ad2c1c0b48758eb1b5228bcf7a68","santos","SP","Southeast",-46.321938826751385,-23.969746244887727
2709,"e06f09ec0a4aca210779cf1cfc63cf19","sao paulo","SP","Southeast",-46.70898563701572,-23.68224733460275
2710,"e0878efa0e0b7e5313ac0b43bc04c081","curitiba","PR","South",-49.26687451387349,-25.441571360403625
2711,"e09887ca8c7bf8a4621ce481820414ef","sao paulo","SP","Southeast",-46.417516080182985,-23.53339341928376
2712,"e0a366315b1b726b6c7832d664c0f530","sao paulo","SP","Southeast",-46.581904636035276,-23.475983214969734
2713,"e0a3c37054ade6478d923a6efc10f308","camboriu","SC","South",-48.64826262904154,-27.023623854813533
2714,"e0b162a693bc7f9eab00f783a31d60ea","pelotas","RS","South",-52.341271902872975,-31.755496519621687
2715,"e0eabded302882513ced4ea3eb0c7059","campinas","SP","Southeast",-47.06133702244192,-22.893848032534073
2716,"e116c7455dd26a4d8c3e92532583905f","sao paulo","SP","Southeast",-46.6692371684404,-23.520438443709033
2717,"e1643dff33666ca629e3644c02738179","sao paulo","SP","Southeast",-46.5914278306787,-23.559437636506487
2718,"e174dc2de86d60fee178170a154c05e7","santo andre","SP","Southeast",-46.52809787861087,-23.637381848852485
2719,"e1a210d482714ce337763a19aef94ba4","cascavel","PR","South",-53.49030618847977,-24.944714386631638
2720,"e1b12447a7563944843191754aeb5562","guarulhos","SP","Southeast",-46.495092724030165,-23.414620232376247
2721,"e1bed63d68ac36fe1f3061befe196af5","mogi guacu","SP","Southeast",-46.92430967953944,-22.33978411439518
2722,"e1c76f339ebd5460999f25a2aa8c92c5","sao paulo","SP","Southeast",-46.618173551632395,-23.52982460593583
2723,"e1dc0754bada9ee4cfe9713f22f61292","duque de caxias","RJ","Southeast",-43.30853168277079,-22.755338688692223
2724,"e21a1e8be4715b0fcfd5385643bc49c4","jaguaruna","SC","South",-49.02415747436295,-28.633920987357754
2725,"e24d3429d294b2eb200b064ebb035879","sao paulo","SP","Southeast",-46.517872723882775,-23.5337980107779
2726,"e24fc9fcd865784fb25705606fe3dfe7","braganca paulista","SP","Southeast",-46.523854165256644,-22.961693718485694
2727,"e250d617a0ad591ba9bd663e584a895d","guarulhos","SP","Southeast",-46.54959010802118,-23.42946359631355
2728,"e256a62e0ac58c0edfba09966142d561","curitiba","PR","South",-49.32116194845892,-25.476488477709083
2729,"e26901d5ab434ce92fd9b5c256820a4e","maua","SP","Southeast",-46.44423827270244,-23.680729252163328
2730,"e2a1ac9bf33e5549a2a4f834e70df2f8","sao paulo","SP","Southeast",-46.64209131081345,-23.540039340558916
2731,"e2aee0892199b1d92530e371abd825bf","rolandia","PR","South",-51.36500347341602,-23.312476639241165
2732,"e2c92f9c1c7746d899d18f2e158bbff7","sao jose do rio preto","SP","Southeast",-49.359327111273004,-20.78666297669921
2733,"e333046ce6517bd8bb510291d44f0130","ipaussu","SP","Southeast",-49.627190984256956,-23.055151680595834
2734,"e38db885400cd35c71dfd162f2c1dbcf","brasilia","DF","Central-West",-47.891011727932785,-15.767955679976824
2735,"e3a386fc36e22064434e1fa256f6a9fa","engenheiro coelho","SP","Southeast",-47.20455471253453,-22.48781772335237
2736,"e3b4998c7a498169dc7bce44e6bb6277","sao paulo","SP","Southeast",-46.519781195348,-23.517310447408693
2737,"e3d3b3efac954a60d61be70b7e05b49b","sao paulo","SP","Southeast",-46.55930875969492,-23.5699218476303
2738,"e3dd723429d1b23614b7fa85e2c7a853","sao bernardo do campo","SP","Southeast",-46.564753092486725,-23.719576291836983
2739,"e3e15e2c0b9700561efac21c6be48066","sao paulo","SP","Southeast",-46.73128132257118,-23.53337447173767
2740,"e3e290b38963293022cdcd6db8328103","sao paulo","SP","Southeast",-46.65340944414582,-23.56875503877107
2741,"e4253cef933647000a82ff39c67b7bde","sao paulo","SP","Southeast",-46.78428698989415,-23.651663543777676
2742,"e433f5fd4050e3352b5d83522b7fe24b","arapongas","PR","South",-51.44664446905576,-23.39060657974744
2743,"e439f7176d763f92de325271111b2fd5","joinville","SC","South",-48.87083438138223,-26.25131621441018
2744,"e45edf75f568ed2f93f78d060e246e25","rio de janeiro","RJ","Southeast",-43.46551954103294,-23.012986504226507
2745,"e46bc031f2c5bae4ccb40bb90712e9b4","sao paulo","SP","Southeast",-46.74217745507368,-23.4799348872844
2746,"e48b04bf1aa1ef711caebeb7aede6180","curitiba","PR","South",-49.28860985729242,-25.448990860825614
2747,"e48cc16ab70bfa09e1401740dce0b3d7","aracatuba","SP","Southeast",-50.46392319046968,-21.232308702656148
2748,"e49c26c3edfa46d227d5121a6b6e4d37","brejao","PE","Northeast",-36.57020044972058,-9.024839005157318
2749,"e4ebd3f87bf70440014f07ddda7fbe03","presidente epitacio","SP","Southeast",-52.115709937410635,-21.77356263566882
2750,"e4f121bf6ef8b9a1d4d3e65dd0473fab","sao jose do rio preto","SP","Southeast",-49.38807095699605,-20.83620882180298
2751,"e4fc40017a6d22c46a14ac2e17f87c3e","arapongas","PR","South",-51.44664446905576,-23.39060657974744
2752,"e503f22be6a4f456d9851920a5d9c670","sao paulo","SP","Southeast",-46.66942376820584,-23.58941316805441
2753,"e504a4e2efaa45cbff7e268a2c58c956","sao pedro","SP","Southeast",-47.90659642198055,-22.55124525869924
2754,"e51f22821f0c12a16ad5c020cdcd55e9","carapicuiba","SP","Southeast",-46.81995277003689,-23.572518001957384
2755,"e53d5b9b29d1218281f4a907ada18626","toledo","PR","South",-53.758962630285744,-24.71838580705303
2756,"e546117ed9cafbc40239c0c78635c584","sao paulo","SP","Southeast",-46.6951881968269,-23.621530849176285
2757,"e5475dcab1e07b63d7f6e902d8f5eda8","diadema","SP","Southeast",-46.61283983168333,-23.679787131595923
2758,"e5545d4d4473876ea78c5bcebca365c3","marilia","SP","Southeast",-49.96150594898238,-22.15880124499384
2759,"e560e4022d8f7aebf155db95946c5c0f","belo horizonte","MG","Southeast",-43.936891702496084,-19.904918272682526
2760,"e5899683388855d3dabe8913bbe365de","sao carlos","SP","Southeast",-47.90892483428426,-22.033506163362226
2761,"e58a5b390e28abc0b216cfb0e07d27d7","rio de janeiro","RJ","Southeast",-43.335598837067195,-23.00126761701065
2762,"e595809a6c31ec4314fd06ef198c244d","navegantes","SC","South",-48.65532838709397,-26.89066585414966
2763,"e59aa562b9f8076dd550fcddf0e73491","curitiba","PR","South",-49.21243592752115,-25.437249840911985
2764,"e59e489e2ea74bd409b798b5daf49de3","maringa","PR","South",-51.953423054480645,-23.449039756796452
2765,"e59e575a175fadcadf8479e191770425","nova iguacu","RJ","Southeast",-43.45011309119681,-22.755876522336784
2766,"e5a3438891c0bfdb9394643f95273d8e","limeira","SP","Southeast",-47.44649444065285,-22.560755022881626
2767,"e5a38146df062edaf55c38afa99e42dc","sao paulo","SP","Southeast",-46.66166521796584,-23.536246540149964
2768,"e5bd51692380fd8cabb19b756b95e714","santo andre","SP","Southeast",-46.536900867948354,-23.622287896060012
2769,"e5c84227854980f1db19a58958c551d9","fazenda rio grande","PR","South",-49.299582691720744,-25.659910431367265
2770,"e5cbe890e679490127e9a390b46bbd20","sao paulo","SP","Southeast",-46.640046486444724,-23.54390458746036
2771,"e5d4b2b0c3bca22085f7a19a28de0c42","joinville","SC","South",-48.848394072332624,-26.30185090445441
2772,"e5def42655b7490edac5a56fe8e9e603","amparo","SP","Southeast",-46.76632136777288,-22.703127966651618
2773,"e5e33c0d8e7e002f398f5dc4cbbb338f","bauru","SP","Southeast",-49.02934087244578,-22.322474124218658
2774,"e5f9e61ceb5f523cc966e0f34095032f","brusque","SC","South",-48.91197615944203,-27.121052540706184
2775,"e601b04acf48b4576e73ddca9481f0dc","sao paulo","SP","Southeast",-46.624927504731,-23.70723033317834
2776,"e603cf3fec55f8697c9059638d6c8eb5","pelotas","RS","South",-52.323201707599914,-31.751071747621015
2777,"e627629ba868740e287800f1a9be81c2","sao paulo","SP","Southeast",-46.66015369245716,-23.563299264968794
2778,"e628d4a53c109f09ca88098338b3a3f5","belo horizonte","MG","Southeast",-43.94496355953477,-19.92710413330578
2779,"e62b2d6ac10570a035a30bafcf01d263","sao paulo","SP","Southeast",-46.76077037734816,-23.632114348335318
2780,"e63e8bfa530fb16910dd6956e592bb81","guarulhos","SP","Southeast",-46.445163597259956,-23.410633365293403
2781,"e644cbadf7eeb30d0d29f335ce7d52ec","sao paulo","SP","Southeast",-46.618173551632395,-23.52982460593583
2782,"e64882b4ef12aee8d0faca4db5b681f4","goiania","GO","Central-West",-49.2771091317639,-16.69550896266711
2783,"e64d65bc8dbec2accda90c58de5d1246","rio claro","SP","Southeast",-47.56368041482115,-22.408952143712373
2784,"e64ddbe1cbcf4f2fc3092b7c481f3f9d","sao paulo","SP","Southeast",-46.523108636005084,-23.535836992959126
2785,"e6a69c4a27dfdd98ffe5aa757ad744bc","sao paulo","SP","Southeast",-46.64044939164154,-23.687366153961626
2786,"e6ffc9ac6a7adc9d16a1cfc2286dd546","sao paulo","SP","Southeast",-46.668359968689195,-23.486574146899915
2787,"e70053bf73d1b5863932e53a9fa47496","sao paulo","SP","Southeast",-46.711300979148106,-23.533493438448822
2788,"e72b4feb7abe210c52aa667abc25a3a2","sao paulo","SP","Southeast",-46.59475374901044,-23.568187676241045
2789,"e732329483fd5f27367dd997b47f598a","blumenau","SC","South",-49.08294434567543,-26.89659436524994
2790,"e73bf2cea7fe4b0b4d287a7568ed1099","chapeco","SC","South",-52.60281233605122,-27.11449604227134
2791,"e76ecc7e9a1a1e3c6df9d2a8261c423d","belo horizonte","MG","Southeast",-43.93603257269489,-19.93104856825169
2792,"e7d5b006eb624f13074497221eb37807","santo andre","SP","Southeast",-46.51920051327397,-23.645100566456687
2793,"e7df4cd29ab5abab70fb0783ddb53987","sao paulo","SP","Southeast",-46.62176814565114,-23.602705431158114
2794,"e7f3bf1ecd8526eb7f3b18059e6716e5","ubatuba","SP","Southeast",-45.0932194085285,-23.45292929995693
2795,"e819bcfade7b5d88a27325eb6cfd62c5","guarulhos","SP","Southeast",-46.42261867739057,-23.438736681339247
2796,"e81e1f9c3e762e620f3fb60a51499e16","curitibanos","SC","South",-50.577361136441226,-27.290948728745203
2797,"e82de6494d91d3c4c54450f59b227a94","ibitinga","SP","Southeast",-48.82974353343713,-21.757320637712766
2798,"e83c76265fc54bf41eac728805e4da77","aracatuba","SP","Southeast",-50.45279406867942,-21.19328871842662
2799,"e83e93b71371817b11d78a63ff156aee","barueri","SP","Southeast",-46.89610614277862,-23.494157715852857
2800,"e84ad2127668df3aafc6b73531a0beb8","sao paulo","SP","Southeast",-46.66765351402122,-23.61889600139145
2801,"e88165a185134e13fdfc85d4fa654db8","ferraz de  vasconcelos","SP","Southeast",-46.372428309048416,-23.56892589286744
2802,"e882b2a25a10b9c057cc49695f222c19","teresopolis","RJ","Southeast",-42.976721443009545,-22.41767727466441
2803,"e883aa812c37a7413226856f4579fe91","itapevi","SP","Southeast",-46.941467620479735,-23.523945995127164
2804,"e88c9b79e592e370d6bd852eeefbf057","pato branco","PR","South",-52.67454717796047,-26.226411667052993
2805,"e88f7a2995ba184710d339c5c4bf2e30","votuporanga","SP","Southeast",-49.966737537480064,-20.422763825096684
2806,"e89c4adbe7b1d0819dbb636e16461cf1","indaiatuba","SP","Southeast",-47.227975141375694,-23.13411287780508
2807,"e8a85b5f3df47be0984c55fd4064dbb4","brasilia","DF","Central-West",-48.017071767851824,-15.887537187682343
2808,"e8b3a3a38279a82f0e5d006d5e5b7d2c","jussara","PR","South",-52.470118375128294,-23.62274809500327
2809,"e8b4225284fbb02d16f200513f1f395d","novo horizonte","SP","Southeast",-49.222216847438276,-21.469600955340287
2810,"e8dba4d70f7f2b20e775d09cae01142d","santa barbara d oeste","SP","Southeast",-47.376094232222364,-22.757096912776348
2811,"e8f6dc8e6a1dcde89d20e3995c8d90b3","sao paulo","SP","Southeast",-46.51148786470064,-23.572079387384715
2812,"e8ff5a6ceb895583033fc2a0f314e3c2","blumenau","SC","South",-49.081420780694515,-26.797518908253718
2813,"e908c0f3646e8b60375734a350d95d71","sao paulo","SP","Southeast",-46.65271926812754,-23.538010108905674
2814,"e94b64dc6979b302a5a5be1662c83bb6","itapecerica da serra","SP","Southeast",-46.85894169652641,-23.706489225118336
2815,"e9511df20ccd82658a30c37b7fb343af","bauru","SP","Southeast",-49.04569576676682,-22.294713904990505
2816,"e96498ed8daaa3e9c23f7a62da76591c","sao paulo","SP","Southeast",-46.7585858116202,-23.58360156033046
2817,"e9729944ba65dc3ce425e0c5a22ae7b2","petropolis","RJ","Southeast",-43.13140914649256,-22.408608081087035
2818,"e9779976487b77c6d4ac45f75ec7afe9","praia grande","SP","Southeast",-46.41912533835566,-24.00892314920891
2819,"e9874ae10b2d60d43917b6bbfa13a599","rolandia","PR","South",-51.39161964122819,-23.318147782057768
2820,"e99e927c81e3f51739c94fcdfca9f10f","uberlandia","MG","Southeast",-48.27821224449982,-18.913247873843893
2821,"e9b6c33b71b67737693b4cfa68341c8d","sao paulo","SP","Southeast",-46.620555388073335,-23.53617487378618
2822,"e9bc59e7b60fc3063eb2290deda4cced","maringa","PR","South",-51.9551937045819,-23.387644893671027
2823,"e9c2dc0dd4ac38448289be644ac94f42","joinville","SC","South",-48.83337100442479,-26.33339381940892
2824,"e9c6969d40e6a3d2d0f90013165c2b98","sao paulo","SP","Southeast",-46.522773265457644,-23.553725492206343
2825,"e9d99831abad74458942f21e16f33f92","sao paulo","SP","Southeast",-46.51583258285473,-23.53103954223585
2826,"e9e446d01bd10a97a8ffcfc4a3a20cb2","sao paulo","SP","Southeast",-46.577296212716455,-23.467505149821424
2827,"ea00f977a203ff88adf7057cb7806998","santos","SP","Southeast",-46.356591532885155,-23.937828782369902
2828,"ea1776927851da2532aa70d6a32c095a","sao paulo","SP","Southeast",-46.47107205776288,-23.52685922041741
2829,"ea3ebea5317b0efbc663ecc8ce5e9bc2","florianopolis","SC","South",-48.52246814146245,-27.589316882452696
2830,"ea4e9ce63a2134743b4a92777437fcdd","palhoca","SC","South",-48.68709681646422,-27.678198545039596
2831,"ea566164622c6b439516ab18062c42cd","sao  paulo","SP","Southeast",-46.73062332314679,-23.527681032654808
2832,"ea65d8b58316a6f2362f2a9e4b3e86ad","campinas","SP","Southeast",-47.07428354596361,-22.92496986205362
2833,"ea67327e24487bdfac5fbfa37ea124df","ibitinga","SP","Southeast",-48.82974353343713,-21.757320637712766
2834,"ea6b12bf9ffe2bac34602ec631d97a47","guarulhos","SP","Southeast",-46.54066338996752,-23.457896264617634
2835,"ea846a0e7ad98a741783e886d89dfa44","aracatuba","SP","Southeast",-50.45806674629396,-21.20178666844952
2836,"ea8482cd71df3c1969d7b9473ff13abc","sao paulo","SP","Southeast",-46.61200044104113,-23.625475455621878
2837,"eaaa46e98c9e61f6764dd1d7a2ab8b3e","messias targino","RN","Northeast",-37.51443645815574,-6.079137345909716
2838,"ead2bab70821ea148476ae9bc08548ac","belo horizonte","MG","Southeast",-43.914739731934176,-19.85461537734019
2839,"eae9af4811c294c56795d70e715b7337","sao paulo","SP","Southeast",-46.58699381920908,-23.538432671918386
2840,"eaf6d55068dea77334e8477d3878d89e","sao paulo","SP","Southeast",-46.67951914303711,-23.665058711138006
2841,"eb1bf309f4f6af9a97e9ddac3fdbeabe","diadema","SP","Southeast",-46.596051578023875,-23.70246541299073
2842,"eb3071b9f0b0ddaa2df5ea130f09f26b","sao paulo","SP","Southeast",-46.60917170458758,-23.606213117621067
2843,"eb4a59a06b3948e851a7d7a830bcbc42","salvador","BA","Northeast",-38.45808623534637,-12.982806089337023
2844,"eb4df17aed01d918c65f0f8d650900c0","paulinia","SP","Southeast",-47.150402273886925,-22.769600179710004
2845,"eb5b6204dde3a6e03b5f1bb8479f055b","embu guacu","SP","Southeast",-46.814086285028324,-23.835126827049766
2846,"eb72802c83dc7547529c9546d1a9b8ef","rio claro","SP","Southeast",-47.57768122006807,-22.39213658183407
2847,"eb9267cccc90f1b49c8d2f9887c7dd97","recife","PE","Northeast",-34.90083430094547,-8.049884228325219
2848,"eb9cd5b35d95206585e2185318cb5c61","sao paulo","SP","Southeast",-46.56975840842565,-23.533308961038088
2849,"eba88037e1dca898cd02881f67ced679","sao paulo","SP","Southeast",-46.52763523808947,-23.525957810107162
2850,"ebd1417732defaf66c50b5a800eb293e","londrina","PR","South",-51.17165906258636,-23.346965763755986
2851,"ebd2d60905fb58271facef5596b620d3","lencois paulista","SP","Southeast",-48.80710410454743,-22.601443045355065
2852,"ebe3dabc4955c9b0d695e7bda38bf5c3","ribeirao preto","SP","Southeast",-47.79796917565806,-21.16589816646429
2853,"ebef8d8c92b4fd3226e5d407bbff21ac","ribeirao preto","SP","Southeast",-47.802366376021745,-21.201064692224886
2854,"ec21206b7894c503788a684a7bc822a6","armacao dos buzios","RJ","Southeast",-41.90867520598634,-22.766572484803707
2855,"ec2e006556300a79a5a91e4876ab3a56","sao paulo","SP","Southeast",-46.52872608862628,-23.548768170341052
2856,"ec4608a1f76453166bb312b2968aeaf4","porto ferreira","SP","Southeast",-47.47810175812134,-21.866032425983537
2857,"ec5c1d94df153d473b37f880977ae58e","rio de janeiro","SP","Southeast",-43.34764438953357,-22.89290587600688
2858,"ec80e49e69745ab6c14f984bf2149423","limeira","SP","Southeast",-47.40309520372463,-22.57072148150254
2859,"ec8463980a4e0ea9f8517aea1ed0c419","florianopolis","SC","South",-48.552471054192736,-27.59288344150436
2860,"ec8879960bd2221d5c32f8e12f7da711","itatiba","SP","Southeast",-46.8242058282966,-23.0028598587367
2861,"ec933281fb017b5020d06df29c3f77e8","sao paulo","SP","Southeast",-46.50308450815668,-23.495863087771472
2862,"ecccfa2bb93b34a3bf033cc5d1dcdc69","curitiba","PR","South",-49.27596297946231,-25.507014183111192
2863,"ececbfcff9804a2d6b40f589df8eef2b","franca","SP","Southeast",-47.41843378590997,-20.496250765485655
2864,"ed4311e67debd72b8610a5347a743087","guarulhos","SP","Southeast",-46.43492308830101,-23.43186747405495
2865,"ed46f1eb4a638113deb2a1137b5f22e9","indaial","SC","South",-49.24222291742907,-26.902775560081714
2866,"ed49da7cadefc454d6a67de249eab240","sao paulo","SP","Southeast",-46.787488711271834,-23.594555942402376
2867,"ed4acab38528488b65a9a9c603ff024a","sao paulo","SP","Southeast",-46.43493844446315,-23.565855116526446
2868,"ed859002ad59dbf8cf3602696a6c3000","londrina","PR","South",-51.134917056297255,-23.31108343286346
2869,"ed8cb7b190ceb6067227478e48cf8dde","santos","SP","Southeast",-46.31920772096954,-23.953153311271457
2870,"ed9eef5be0992d413d251fadba1a410d","mogi guacu","SP","Southeast",-46.95126336409011,-22.356314123198473
2871,"edb1ef5e36e0c8cd84eb3c9b003e486d","teresopolis","RJ","Southeast",-42.970221085049396,-22.43118412282637
2872,"edb58a1390adf273840030a3d6253829","piracicaba","SP","Southeast",-47.64095276810299,-22.691518954467206
2873,"edb65fe661681b1c0de8bd47c8655855","sao paulo","SP","Southeast",-46.38006396693796,-23.491954685851873
2874,"edc518ba25576a0188a0e8f2c3af186f","guarulhos","SP","Southeast",-46.54104308769279,-23.47757819572215
2875,"edd066cd02126d7800f9b66e980e9931","brasilia","DF","Central-West",-47.893015075867154,-15.784913720927284
2876,"eddd1991bd6d9309995a480c39b95137","ponta grossa","PR","South",-50.16088307377579,-25.094349162546607
2877,"ede0c03645598cdfc63ca8237acbe73d","ribeirao preto","SP","Southeast",-47.76782007545161,-21.177709840485363
2878,"ede2977fbaf3738583170735ca403f6c","curitiba","PR","South",-49.26917337587714,-25.43364816532121
2879,"edf3fabebcc20f7463cc9c53da932ea8","sao paulo","SP","Southeast",-46.473162413196306,-23.62705221927803
2880,"edf96ef93ed595084bbcbd9224bd2894","sao paulo","SP","Southeast",-46.61831033162643,-23.580974143098487
2881,"ee27a8f15b1dded4d213a468ba4eb391","goiania","GO","Central-West",-49.2771091317639,-16.69550896266711
2882,"ee2fbacc2fc3794e656cc4d933d59ce7","sao paulo","SP","Southeast",-46.704718778858336,-23.539553595497527
2883,"eeb6de78f79159600292e314a77cbd18","lages","SC","South",-50.330752255444736,-27.81772374608258
2884,"eebb3372362aa9a46975164bed19a7e7","sao paulo","SP","Southeast",-46.69725157554867,-23.60763420398524
2885,"eec3469d83e142f9a104886655338c37","bauru","SP","Southeast",-49.04575130270957,-22.32200116138024
2886,"eed78ac17f7f795a19a709745f00cd4e","botucatu","SP","Southeast",-48.46069203327624,-22.86605277327738
2887,"ef0ace09169ac090589d85746e3e036f","sao goncalo","RJ","Southeast",-43.01399541493809,-22.829351276710426
2888,"ef2fbc2b607d8492bcffe657a4645434","rio de janeiro","RJ","Southeast",-43.18298926875735,-22.903063100942575
2889,"ef30892870c278497523264be1be2241","araraquara","SP","Southeast",-48.185502465188456,-21.790782716262648
2890,"ef506c96320abeedfb894c34db06f478","sao paulo","SP","Southeast",-46.49010130952278,-23.543150156894832
2891,"ef728fa1f17436c91ed1ccd03dcf9631","jau","SP","Southeast",-48.55852368838733,-22.29436029817343
2892,"ef990a83bbea832f36ebe81376335aa8","joinville","SC","South",-48.880325259912475,-26.32827519256354
2893,"ef9952469137ff190bacafe117f51537","uberaba","MG","Southeast",-47.93914526044795,-19.760188995545466
2894,"efb628aa07c8ca93d7db0d85b91a4f5a","nova iguacu","RJ","Southeast",-43.428743799002376,-22.754343447271268
2895,"efcd8d2104f1a05d028af7bad20d974b","aracatuba","SP","Southeast",-50.40363945155295,-21.211705991894554
2896,"efff9341f3f8f5237b44ff67ed36a7bf","vitoria","ES","Southeast",-40.26756763394875,-20.25892061310893
2897,"f00e21b1e91a79653163b7fd8f293ff1","andradas","SP","Southeast",-46.57354819165934,-22.07047143353818
2898,"f00f5b35d0abcacbdd863672f4bb2c1a","sao paulo","SP","Southeast",-46.65424333104065,-23.542571396851127
2899,"f021c962aaba8ef6eb527a9c2c8394d1","itajai","SC","South",-48.65639411001171,-26.911876880258855
2900,"f049a72cf58fd31b11f8919cade515e7","sao paulo","SP","Southeast",-46.63137340438762,-23.542330784361457
2901,"f0563bacf40c311f1c4d3d6b67b8a7a7","tubarao","SC","South",-49.01172864670753,-28.475921543742647
2902,"f0837c8d71434931d9e38e7b79234797","arvorezinha","RS","South",-52.180111441190874,-28.871905438293474
2903,"f08a5b9dd6767129688d001acafc21e5","porto alegre","RS","South",-51.20130443913632,-30.00818156770628
2904,"f08c008c8a8d31417763738a1788a2a8","santa terezinha de itaipu","PR","South",-54.402764727764094,-25.44286211774669
2905,"f09b760d23495ac9a7e00d29b769007c","catanduva","SP","Southeast",-48.995313956819665,-21.143388951956982
2906,"f09e26011d833ddab11593c1a097a92a","pirassununga","SP","Southeast",-47.415154364565055,-22.01327199468416
2907,"f0b47fbbc6dee9aafe415a6e33051b3f","maua","SP","Southeast",-46.45695782334157,-23.684914927517177
2908,"f0e103c63864d5405b958d984b6e94c9","osasco","SP","Southeast",-46.81130803192885,-23.570255901395463
2909,"f0ec6a2adb05c62655a26dd347b8dede","sao paulo","SP","Southeast",-46.64843251428849,-23.549505698154665
2910,"f0ec78809fe0bc3edb11c9fe5b97b059","sao paulo","SP","Southeast",-46.61295461602428,-23.617286932860615
2911,"f114dca2828bf718548db175ebe2cfcd","cambe","PR","South",-51.27363972371042,-23.28594398187704
2912,"f1198c871e0171278b63f40d112caeec","sao paulo","SP","Southeast",-46.64603990221943,-23.54451401110975
2913,"f125f3a310c2e5f822d116147de1e474","sao paulo","SP","Southeast",-46.56809001344712,-23.53669799090502
2914,"f12d3c2a14729ae461b920c11fe20fdc","santo andre","SP","Southeast",-46.541742273007685,-23.640443596560726
2915,"f12ff17ad8bbf01ec5c33b17e506649b","sao paulo","SP","Southeast",-46.58163873599627,-23.56556171419585
2916,"f18112da765e0971ca5d510dec322bdd","brusque","SC","South",-48.91775570249225,-27.085078646516095
2917,"f181738b150df1f37cb0bd72e705b193","carapicuiba","SP","Southeast",-46.845694089115014,-23.526306422402715
2918,"f19516b9ff26bfeb091b30108db4ddbd","artur nogueira","SP","Southeast",-47.1657687687331,-22.57120786162832
2919,"f1b854361f4e15d5851b494df66f22b2","rio de janeiro","RJ","Southeast",-43.17316912947844,-22.907494545333314
2920,"f1b93673502375d491780bb49d615dbc","sao jose dos campos","SP","Southeast",-45.83435185164657,-23.251060768328088
2921,"f1c1ac3f3efc07e659c035008e615e66","sao paulo","SP","Southeast",-46.59263904944159,-23.51220780313035
2922,"f1ce5fdecd64935c28b9ff932751d0dc","santana de parnaiba","SP","Southeast",-46.88499666372503,-23.46503945141155
2923,"f1ed6bd0a9b11b581f16c851c6a5a527","porto alegre","RS","South",-51.19631899770257,-30.00409696311078
2924,"f1fd5ab1181f827ffad998c1a5de7d74","curitiba","PR","South",-49.26917337587714,-25.43364816532121
2925,"f1fdf2d13186575751aa25876536d85c","sao paulo","SP","Southeast",-46.73645255291077,-23.530646598944333
2926,"f205b1a3ca9a34e0f8a228bae6e4c7b3","cachoeirinha","RS","South",-51.07030394103,-29.904950693956575
2927,"f214d28e8d8e3ef068748498ccc2f813","sao paulo","SP","Southeast",-46.50082148805862,-23.512459731266134
2928,"f22a247b79dd22ecd91dc8e3b2a1b07c","itaquaquecetuba","SP","Southeast",-46.34993692750342,-23.49208198891802
2929,"f2336e113377dd21c744d9c4fc8293a9","sao paulo","SP","Southeast",-46.5113990442967,-23.52154004341396
2930,"f235413f677777a0738ff215d0184901","bariri","SP","Southeast",-48.740256216555636,-22.07402227056759
2931,"f25e239052084705e17a982bc600ab2a","sao paulo","SP","Southeast",-46.63658239267473,-23.5291645437106
2932,"f262cbc1c910c83959f849465454ddd3","sao paulo","SP","Southeast",-46.497267848770896,-23.535168520314638
2933,"f266295f49a28eee21f413e0cbb0521d","ponta grossa","PR","South",-50.13255780440033,-25.07996038746568
2934,"f26d70155c2b6326fcfa1780c8c684e4","presidente getulio","SC","South",-49.62755144977644,-27.05023887978689
2935,"f27e33c6d29b5138fa9967bcd445b6d5","sao paulo","SP","Southeast",-46.61169911578987,-23.607472654074435
2936,"f3041c2e75ec683697a6a5ea82192210","itauna","MG","Southeast",-44.57613377216054,-20.077863070164618
2937,"f3055483058c84d75ca2a3314fb4deef","salvador","BA","Northeast",-38.4923445571373,-12.947852572416252
2938,"f307937c1bb287c3efc2a514b94b0d1d","araxa","MG","Southeast",-46.9374884832494,-19.596561505957943
2939,"f326006815956455b2859abd58fe7e39","fernandopolis","SP","Southeast",-50.25631824612264,-20.293308845020384
2940,"f3295428338a40977a03f555246a70f4","vitoria","ES","Southeast",-40.31958338407572,-20.25261541805303
2941,"f3511c85f59f8dec53d140501ee8e7a8","curitiba","PR","South",-49.25391641223166,-25.42573016525757
2942,"f356c348fbc8df6a882823e21f5ce8b7","canoas","RS","South",-51.161634590868964,-29.924146120759744
2943,"f35b3c613c4f7b2275f4185d0a3c59ec","sao paulo","SP","Southeast",-46.68984601367532,-23.56143389553579
2944,"f35becee938e982bd615edf8ef12bcfb","alvares machado","SP","Southeast",-51.467562825000435,-22.076993687405864
2945,"f3862c2188522d89860c38a3ea8b550d","ribeirao preto","SP","Southeast",-47.76782007545161,-21.177709840485363
2946,"f3975e8a41157005d4bcbb358678cd9b","pinhalzinho","SC","South",-52.987232223247695,-26.84793973828404
2947,"f3b80352b986ab4d1057a4b724be19d0","brasilia","DF","Central-West",-47.95136301648394,-15.79970985118922
2948,"f3c38ab652836d21de61fb8314b69182","sao paulo","SP","Southeast",-46.64281871336397,-23.535863685117462
2949,"f3da5b2ff499efb8d4a6d371d175d7dd","sao paulo","SP","Southeast",-46.62457520306331,-23.484875111923657
2950,"f410c8873029fcc3809b9df6d0b28914","caxias do sul","SP","Southeast",-51.14868438613908,-29.178216467446862
2951,"f419677537694f0462a91990df6ca44f","sao bernardo do campo","SP","Southeast",-46.55322175065381,-23.688118958076775
2952,"f41ce2e25237f9092cd8e6e7516c7a2f","guarulhos","SP","Southeast",-46.52530159347153,-23.471988393375852
2953,"f435898e493ba0356019a0b1cb8b55b1","curitiba","PR","South",-49.25560607832763,-25.513673225973886
2954,"f43827dd686be3a4a80e00aa299990fb","sao jose do rio preto","SP","Southeast",-49.365081320140064,-20.794068968967032
2955,"f44b6f775a2b390380e0e30b5c9d3eee","sao paulo","SP","Southeast",-46.596844045911226,-23.541183796388026
2956,"f44bdc12aa39f5271f0b95f66cd4c289","braganca paulista","SP","Southeast",-46.534419315285234,-22.964802783097724
2957,"f45122a9ab94eb4f3f8953578bc0c560","piracicaba","SP","Southeast",-47.6411480898057,-22.729029230512737
2958,"f457c46070d02cadd8a68551231220dd","maringa","PR","South",-51.88601798709874,-23.414432773281256
2959,"f46490624488d3ff7ce78613913a7711","guarulhos","SP","Southeast",-46.50673902926123,-23.442890814200968
2960,"f4a04f7be452aa3bb31760bf00055dd0","santo andre","SP","Southeast",-46.525087642099905,-23.659483201758057
2961,"f4aba7c0bca51484c30ab7bdc34bcdd1","sao paulo","SP","Southeast",-46.63508761691669,-23.541905853440447
2962,"f4c4daa86e30c7e5a553a8d518ac03a5","cascavel","PR","South",-53.462644000057004,-24.959184284292274
2963,"f4ce8ca9fa7157e3b33f536ac9a4487d","penapolis","SP","Southeast",-50.088172776728285,-21.414851214679825
2964,"f4db9b37944bcb8873e6b456ee190bbf","itaquaquecetuba","SP","Southeast",-46.33959705106874,-23.465351131478307
2965,"f524ad65d7e0f1daab730ef2d2e86196","soledade","RS","South",-52.50925488808854,-28.827449667113747
2966,"f52c2422904463fdd7741f99045fecb6","santo andre/sao paulo","SP","Southeast",-46.527409786403275,-23.62057801188256
2967,"f5403d3f50089112c4eed37928b7f622","fernandopolis","SP","Southeast",-50.24970393813751,-20.284122537295122
2968,"f543ba3c973276f519d89d59bd46cead","sao jose do rio preto","SP","Southeast",-49.387674445122684,-20.79658993282142
2969,"f593898ec748b7a8cb81fc04edafd98a","pedreira","SP","Southeast",-46.89675369133934,-22.740325486164828
2970,"f5a590cf36251cf1162ea35bef76fe84","sao bernardo do campo","SP","Southeast",-46.55408471265638,-23.71560389581899
2971,"f5b44895715ddfe3087dc414f30268f3","sorocaba","SP","Southeast",-47.41091670439588,-23.492578215801924
2972,"f5b84683a9bf9e1df748cf40f601b39c","sao paulo","SP","Southeast",-46.64159548852642,-23.525480803366627
2973,"f5f1f2c5f923f36ad79ea1d07185ddc9","taruma","SP","Southeast",-50.578951684465736,-22.748946620633895
2974,"f5f2ab9bdb6b30c14c61be68c5ed37da","porto ferreira","SP","Southeast",-47.47810175812134,-21.866032425983537
2975,"f5f46307a4d15880ca14fab4ad9dfc9b","rio do sul","SC","South",-49.65747657617157,-27.23141640405225
2976,"f5fea3ffed6c2e889bab72705557c63a","rio de janeiro","RJ","Southeast",-43.32621279907768,-22.811121030063198
2977,"f6122bc84774df1b372bdb3bb88ddb9f","barueri","SP","Southeast",-46.888883924584206,-23.537700337738904
2978,"f615fe7efbef0f4f08fd3086bc7a3e60","atibaia","SP","Southeast",-46.552880539877926,-23.114730524308005
2979,"f61c63d13f7cd800549d5acdd390ae72","pilar do sul","SP","Southeast",-47.72290759681854,-23.81197455444591
2980,"f626e15b7314c267e4429010866f70e9","marechal candido rondon","SP","Southeast",-54.058524957866744,-24.55452501789851
2981,"f62d7bb4a613ec758a03342d46b580b2","vicosa","MG","Southeast",-42.877519985294875,-20.754734638539272
2982,"f63d8f293af3a6454377546bd9dd19ff","votorantim","SP","Southeast",-47.45738003311677,-23.5433196237979
2983,"f650a9708fa1bab22bdd8d3a818cc415","ararangua","SC","South",-49.49918340607663,-28.94404446884375
2984,"f664f98bfda2eaf266a23ff144e7a872","sao paulo","SP","Southeast",-46.65111477720919,-23.57293947983718
2985,"f67efa3f0b6761102a7f8c6b7b571f5d","curitiba","PR","South",-49.34741002841012,-25.420958481189384
2986,"f680f85bee2d253556ac91be391d2c82","carapicuiba","SP","Southeast",-46.85082344930689,-23.552946103472205
2987,"f682e0f848abafc6f41e0d4e868c66ef","mairipora","SP","Southeast",-46.59712215964799,-23.329721686232062
2988,"f7315bb81aea4ddca2d39e249a801c98","guarulhos","SP","Southeast",-46.54418094544431,-23.436537107307476
2989,"f7496d659ca9fdaf323c0aae84176632","sao paulo","SP","Southeast",-46.62313404323022,-23.631765715208417
2990,"f76a3b1349b6df1ee875d1f3fa4340f0","sao paulo","SP","Southeast",-46.541397033409794,-23.583987138697704
2991,"f7720c4fa8e3aba4546301ab80ea1f1b","curitiba","PR","South",-49.33313993830729,-25.501030850103422
2992,"f783a638e9c6af4a7d0dbfde811e7a81","sao paulo","SP","Southeast",-46.564320279722764,-23.532438323637052
2993,"f789d2c4f2c2eb38fc4373e7a4b35264","juiz de fora","MG","Southeast",-43.34597324239811,-21.764571387448203
2994,"f7ba60f8c3f99e7ee4042fdef03b70c4","sao bernardo do campo","SP","Southeast",-46.564296407294165,-23.66130475506377
2995,"f7c31656c19db6275a8acadca289f426","ibitinga","SP","Southeast",-48.82974353343713,-21.757320637712766
2996,"f7ccf836d21b2fb1de37564105216cc1","ibitinga","SP","Southeast",-48.82974353343713,-21.757320637712766
2997,"f7df46c1e0ec44eed5c6726478da4a17","novo hamburgo","RS","South",-51.137740223385705,-29.694212981471747
2998,"f805b96fa705ba7995a221f1749dc141","maringa","PR","South",-51.93840508788844,-23.42248646391636
2999,"f80edd2c5aaa505cc4b0a3b219abf4b8","sao paulo","SP","Southeast",-46.53884595688124,-23.550472430843705
3000,"f8201cab383e484733266d1906e2fdfa","palhoca","SC","South",-48.66583973921818,-27.65642094937441
3001,"f84a00e60c73a49e7e851c9bdca3a5bb","rio de janeiro","RJ","Southeast",-43.30454037225461,-22.889303208418358
3002,"f84fa566034f5e8e880a07ec624c56af","indaiatuba","SP","Southeast",-47.21688683643497,-23.086339156484087
3003,"f88adb15807168d3c43d71021090ce4a","porto ferreira","SP","Southeast",-47.47810175812134,-21.866032425983537
3004,"f8d5c7085db9a4ad2b8c1ffbeb2798c8","sao paulo","SP","Southeast",-46.63873070008102,-23.5760892208339
3005,"f8db351d8c4c4c22c6835c19a46f01b0","salto","SP","Southeast",-47.30922889223856,-23.209471278916475
3006,"f8e2c1b59cd4225a3e4fd0d013a76b93","ribeirao preto","SP","Southeast",-47.79487457172354,-21.213809752116315
3007,"f8f35af4634605e6693c17cc3ffff5a8","campanha","MG","Southeast",-45.40188042460609,-21.834793738633508
3008,"f90f77ef2799a27f80d90c425ca944f7","londrina","PR","South",-51.167179746017865,-23.31260107304633
3009,"f918546be4bec7104d117789ba758b2b","sao paulo","SP","Southeast",-46.73749142075066,-23.60637544441468
3010,"f9244d45189d3a3605499abddeade7d5","sao paulo","SP","Southeast",-46.618173551632395,-23.52982460593583
3011,"f92d8c817434bd2d84d4e9c61322b7fa","sorocaba","SP","Southeast",-47.4696868600856,-23.53688952817112
3012,"f97e2b0650c2068227e1d366140eb62f","santo antonio de posse","SP","Southeast",-46.92044723813352,-22.605618431997776
3013,"f9903dd0f812c7e771fcad47b6fff231","blumenau","SC","South",-49.12801197198554,-26.87378880544305
3014,"f9a02f1922d1de564392e656d82b3fda","ferraz de vasconcelos","SP","Southeast",-46.35846761483802,-23.53947676549784
3015,"f9bbdd976532d50b7816d285a22bd01e","sao paulo","SP","Southeast",-46.73068651777817,-23.541812281010866
3016,"f9d010e39375d9c91dce3f40b73a2f84","lorena","SP","Southeast",-45.12347279027041,-22.73089307532096
3017,"f9ec7093df3a7b346b7bcf7864069ca3","sao paulo","SP","Southeast",-46.73414273203397,-23.484769700217907
3018,"f9eda05b67bef472deaddbba84aca289","orleans","SC","South",-49.28867359716511,-28.357506793762713
3019,"f9f68daa2af419d38f745478bcb3da1a","sumare","SP","Southeast",-47.16973298107891,-22.837739320882505
3020,"fa14641f57b655e933124a9ea49cd7a5","sao paulo","SP","Southeast",-46.65602130430725,-23.56165294846951
3021,"fa18c782a4866d313cadab567097f8f1","belo horizonte","MG","Southeast",-43.981022747564694,-19.814723724085457
3022,"fa1a9dec3a9940c072684a46728bf1fc","icara","SC","South",-49.29965137632995,-28.715980124328123
3023,"fa1c13f2614d7b5c4749cbc52fecda94","sumare","SP","Southeast",-47.27033542521254,-22.822136510808793
3024,"fa3a0b5aabb344b9a92e3524b0202123","sao jose dos pinhais","SP","Southeast",-49.195697020152195,-25.55842134362274
3025,"fa40cc5b934574b62717c68f3d678b6d","sao paulo","SP","Southeast",-46.600729145013894,-23.472814658449078
3026,"fa5fdc4e4bb6bd1009ad0e4ac4096562","santo andre","SP","Southeast",-46.49116730072025,-23.67120903205988
3027,"fa74b2f3287d296e9fbd2cc80f2d1cf1","presidente prudente","SP","Southeast",-51.399092120481285,-22.110680580939565
3028,"fa7ad8ae9bcb2c4493fdf38e96b1d74f","pedreira","SP","Southeast",-46.89675369133934,-22.740325486164828
3029,"fa8d335d68129e464e60c1826a683e96","tres coroas","RS","South",-50.781150737872736,-29.511355583933106
3030,"fac1a9017ade7bdc94058fc1c969f355","sao paulo","SP","Southeast",-46.6391527868084,-23.527066549337558
3031,"fac35d150712afb921ec59ac5f39bb11","bonfinopolis de minas","MG","Southeast",-45.99863586747309,-16.56252766720666
3032,"fad44952713764836814be105382aee5","rio de janeiro","RJ","Southeast",-43.35684491471533,-22.871018134717986
3033,"fadb07c842a2aef5d5a676b85f220e71","sao jose do rio preto","SP","Southeast",-49.36429513004493,-20.762171380404617
3034,"fb3cfbc8a86f5d7fbb4d36b8df63f60d","rio de janeiro","RJ","Southeast",-43.4708662033272,-22.8922484800365
3035,"fb503a924a0b9db19d83dd0ac6dbef8c","pelotas","RS","South",-52.341271902872975,-31.755496519621687
3036,"fb8904a8ea99f8831b64ce27db2c1765","sao caetano do sul","SP","Southeast",-46.55188178218849,-23.6174243030369
3037,"fb89df7f89fd1b8f03fa2acca1ba7364","foz do iguacu","PR","South",-54.56363111015772,-25.55569307488648
3038,"fbc14c0cf93505ef89f64665ffa4a7b5","serrana","SP","Southeast",-47.60162092584304,-21.208159120071986
3039,"fc0b214b59a83615fea981c6424a02ae","maua","SP","Southeast",-46.47864502112121,-23.64173599837453
3040,"fc38b5dceee1a730fad8853453437fbd","campinas","SP","Southeast",-47.06730188388011,-22.88460270536805
3041,"fc4751cfe3b279c419615b9b00c1abb4","londrina","PR","South",-51.17165906258636,-23.346965763755986
3042,"fc59392d66ef99377e50356ee4f3b4e1","salvador","BA","Northeast",-38.49741792535076,-12.979401136116156
3043,"fc5a0d7a310a7a41abf86a458585ff2b","sao paulo","SP","Southeast",-46.51380633487217,-23.52542876006814
3044,"fc6295add6f51a0936407ead70c1001d","sao paulo","SP","Southeast",-46.63379474748059,-23.58560674998556
3045,"fc906263ca5083d09dce42fe02247800","belo horizonte","MG","Southeast",-43.92370433417947,-19.90612056261318
3046,"fc908879b9ca1bd65419e54e50432d38","sao paulo","SP","Southeast",-46.68634748624156,-23.602195961257536
3047,"fc99f99385ae90f66f01733856fb88c9","boituva","SP","Southeast",-47.67058614671448,-23.2874269483057
3048,"fcb5ace8bcc92f75707dc0f01a27d269","guarulhos","SP","Southeast",-46.554524150411915,-23.503896658683406
3049,"fcba71d4d5db057f43249145e4eb1e27","limeira","SP","Southeast",-47.407128587319605,-22.60000425928191
3050,"fcdd820084f17e9982427971e4e9d47f","ribeirao preto","SP","Southeast",-47.79106291848944,-21.140244843952534
3051,"fce62094ffe6a4009188ec44e681dfdd","sao paulo","SP","Southeast",-46.68579217808032,-23.66385515483215
3052,"fcf16b7a8697e559f0123190bb30177d","sao paulo","SP","Southeast",-46.48912230917957,-23.51966506110262
3053,"fd312b6bf05efac6c3772d5b52205d8a","votorantim","SP","Southeast",-47.440266039002715,-23.534966496904083
3054,"fd386aa7bed2af3c7035c65506c9b4a3","sao paulo","SP","Southeast",-46.60119064355825,-23.59277554744454
3055,"fd435faa3c0422b60440ea3480d0e77c","joao pessoa","PB","Northeast",-34.855865761990415,-7.1677111371123345
3056,"fdaaf5bfda82b7b80535610c831b8d09","sao jose do rio preto","SP","Southeast",-49.379027917410916,-20.819120747840632
3057,"fdb9095204a334cd8872252ffec6f2db","sao paulo","SP","Southeast",-46.58295189254024,-23.547582300496128
3058,"fde0cc9ea29c8ccfc0a2c22256a58c71","curitiba","PR","South",-49.23598691501027,-25.492494769533142
3059,"fdf736c18c589ed030e058312203e1b2","pocos de caldas","MG","Southeast",-46.56736517999682,-21.792838907017778
3060,"fe19dce63ae80346207c6c55713d1023","uberaba","MG","Southeast",-47.93624451081128,-19.74843312724783
3061,"fe1b067411b8c5066e962aa146ccee03","presidente prudente","SP","Southeast",-51.38645500353056,-22.113507353635857
3062,"fe1bbc5feda5c8979a8a1b3b2512d5a6","arinos","MG","Southeast",-46.10773503284157,-15.920350682439091
3063,"fe2032dab1a61af8794248c8196565c9","campinas","SP","Southeast",-47.07428354596361,-22.92496986205362
3064,"fe26f3ecb51a15e6d8335cd92da42562","sao paulo","SP","Southeast",-46.64862369446784,-23.6716163549389
3065,"fe49ee029e61e789a1f3a5525f57ba8d","osasco","SP","Southeast",-46.776112969814946,-23.54089999196139
3066,"fe4cd9461203cee790d36792420b310f","caratinga","MG","Southeast",-42.13788581415279,-19.787035607141224
3067,"fe701d88b67eaca109dffd464d1be9f9","marica","RJ","Southeast",-42.83978957558533,-22.919618105516072
3068,"fe8055980a4ff7f64ed889c2b5926929","curitiba","PR","South",-49.26600514643192,-25.548198431938516
3069,"fe87f472055fbcf1d7e691c00b1560dc","campinas","SP","Southeast",-47.080998706912254,-22.791069250515502
3070,"fe9d9cf8631285d5982c6e2cf27fb114","barbacena/ minas gerais","MG","Southeast",-43.77268466098554,-21.227355100370904
3071,"feb793c88d836c3a75efa4b5a3465d70","sao paulo","SP","Southeast",-46.58597349950898,-23.5599966465493
3072,"febab0275244b9a49a623f0bd613ca2f","pedreira","SP","Southeast",-46.89675369133934,-22.740325486164828
3073,"fec6275253471ace26d209bbaa64cd0f","nova friburgo","RJ","Southeast",-42.51971931487772,-22.269903758517668
3074,"fec6912baad85d41729669edd6b4d3b8","ribeirao preto","SP","Southeast",-47.81529076556559,-21.25454760893622
3075,"fec8cd45395b3cb0c2b173d7739706a1","jambeiro","SP","Southeast",-45.69815213667702,-23.26168303044727
3076,"fedaedd3ca31d56ab33e92035e4b361c","niteroi","RJ","Southeast",-43.06742681237905,-22.911032821316418
3077,"fedf2c1386e137f296b3bbf3b635e69d","sao paulo","SP","Southeast",-46.551436569551775,-23.550461849189315
3078,"ff063b022a9a0aab91bad2c9088760b7","santo andre","SP","Southeast",-46.513128422189745,-23.700197687438838
3079,"ff1e15b778c700abdd4d239b81ac466d","curitiba","PR","South",-49.35242676352491,-25.4822066546661
3080,"ff1fb4c404b2efe68b03350a8dc24122","mogi das cruzes","SP","Southeast",-46.1955458411618,-23.522840094345344
3081,"ff314fa6033cc68ec451c47aee2d6ba4","sao paulo","SP","Southeast",-46.69810963523168,-23.568770707245964
3082,"ff4e2d38692ce827b1a4f4b8196e680d","sao paulo","SP","Southeast",-46.56210024419572,-23.544817298680808
3083,"ff4ea69c2a729e83e63c7579e4ef8170","guarulhos","SP","Southeast",-46.562430775892885,-23.45350533151448
3084,"ff69aa92bb6b1bf9b8b7a51c2ed9cf8b","sao paulo","SP","Southeast",-46.39933342623787,-23.511203891310107
3085,"ff82e8873fba613f2261a9acc896fd84","itabira","MG","Southeast",-43.22225368010825,-19.630798716958807
3086,"ffa6adafb71b807dc13159e26431354c","londrina","PR","South",-51.129200154969574,-23.294530596455626
3087,"ffad1e7127fb622cb64a900751590acd","americana","SP","Southeast",-47.33699738819053,-22.743739077121926
3088,"ffc470761de7d0232558ba5e786e57b7","guarulhos","SP","Southeast",-46.5393353334921,-23.464178363367658
3089,"ffcfefa19b08742c5d315f2791395ee5","curitiba","PR","South",-49.25391641223166,-25.42573016525757
3090,"ffdd9f82b9a447f6f8d4b91554cc7dd3","curitiba","PR","South",-49.26076000637536,-25.41703885144276
3091,"ffeee66ac5d5a62fe688b9d26f83f534","mirassol","SP","Southeast",-49.50692752488185,-20.814771998995376
3092,"fffd5413c0700ac820c7069d66d98c89","amparo","SP","Southeast",-46.844150475904215,-22.721605279768426
3093,"ffff564a4f9085cd26170f4732393726","campinas","SP","Southeast",-47.08244278411783,-22.892057554565948
